trip_id,pickup_lat,pickup_lon,dropoff_lat,dropoff_lon,pickup_time,dropoff_time
0,-1.345287,36.848243,-1.24897,36.814453,2023-05-01T23:41:00,2023-05-02T00:00:00
1,-1.275982,36.834744,-1.256151,36.752617,2023-05-01T00:32:00,2023-05-01T00:56:00
2,-1.233301,36.842798,-1.204746,36.82416,2023-05-01T12:59:00,2023-05-01T13:15:00
3,-1.295849,36.872461,-1.217929,36.811524,2023-05-01T23:53:00,2023-05-02T00:05:00
4,-1.275996,36.855027,-1.298503,36.763058,2023-05-01T18:51:00,2023-05-01T19:13:00
5,-1.254283,36.842358,-1.24592,36.862248,2023-05-01T10:51:00,2023-05-01T11:11:00
6,-1.312548,36.842136,-1.235335,36.745361,2023-05-01T06:43:00,2023-05-01T07:06:00
7,-1.293556,36.847964,-1.251901,36.868897,2023-05-01T14:52:00,2023-05-01T15:15:00
8,-1.31452,36.863247,-1.287706,36.714953,2023-05-01T09:38:00,2023-05-01T10:07:00
9,-1.262226,36.772942,-1.230198,36.772569,2023-05-01T19:07:00,2023-05-01T19:16:00
10,-1.284469,36.77203,-1.314588,36.709944,2023-05-01T08:15:00,2023-05-01T08:34:00
11,-1.227048,36.843744,-1.20657,36.835337,2023-05-01T20:04:00,2023-05-01T20:26:00
12,-1.20545,36.771121,-1.205579,36.773262,2023-05-01T06:49:00,2023-05-01T07:18:00
13,-1.312649,36.777222,-1.281397,36.839473,2023-05-01T05:55:00,2023-05-01T06:21:00
14,-1.24964,36.752957,-1.284561,36.721082,2023-05-01T17:22:00,2023-05-01T17:36:00
15,-1.317448,36.767422,-1.289133,36.798187,2023-05-01T10:23:00,2023-05-01T10:46:00
16,-1.289431,36.706443,-1.285091,36.833579,2023-05-01T17:33:00,2023-05-01T17:59:00
17,-1.296228,36.768953,-1.345689,36.856354,2023-05-01T09:05:00,2023-05-01T09:26:00
18,-1.215627,36.822508,-1.311151,36.789791,2023-05-01T19:47:00,2023-05-01T20:06:00
19,-1.211493,36.817293,-1.20866,36.81937,2023-05-01T13:56:00,2023-05-01T14:03:00
20,-1.284959,36.712864,-1.209501,36.865532,2023-05-01T23:58:00,2023-05-02T00:19:00
21,-1.264689,36.70155,-1.218587,36.830173,2023-05-01T04:29:00,2023-05-01T04:50:00
22,-1.295523,36.79582,-1.299778,36.893154,2023-05-01T16:11:00,2023-05-01T16:17:00
23,-1.201889,36.877324,-1.318659,36.787768,2023-05-01T22:11:00,2023-05-01T22:37:00
24,-1.296747,36.768594,-1.322004,36.878991,2023-05-01T13:04:00,2023-05-01T13:27:00
25,-1.275168,36.753433,-1.227718,36.720826,2023-05-01T15:51:00,2023-05-01T16:10:00
26,-1.298479,36.729502,-1.291312,36.739718,2023-05-01T19:34:00,2023-05-01T19:48:00
27,-1.202498,36.781458,-1.345381,36.777588,2023-05-01T08:26:00,2023-05-01T08:55:00
28,-1.219222,36.811342,-1.323388,36.808555,2023-05-01T03:35:00,2023-05-01T03:51:00
29,-1.224919,36.791084,-1.274223,36.720738,2023-05-01T03:02:00,2023-05-01T03:08:00
30,-1.257518,36.860567,-1.314416,36.853695,2023-05-01T13:15:00,2023-05-01T13:35:00
31,-1.338292,36.701924,-1.274083,36.707017,2023-05-01T06:54:00,2023-05-01T07:06:00
32,-1.274191,36.852109,-1.252435,36.776266,2023-05-01T03:44:00,2023-05-01T04:12:00
33,-1.217808,36.811107,-1.212767,36.72467,2023-05-01T12:06:00,2023-05-01T12:30:00
34,-1.240298,36.744405,-1.24351,36.735187,2023-05-01T03:03:00,2023-05-01T03:26:00
35,-1.327967,36.747502,-1.22553,36.895379,2023-05-01T20:03:00,2023-05-01T20:18:00
36,-1.340552,36.88272,-1.317468,36.724285,2023-05-01T08:00:00,2023-05-01T08:27:00
37,-1.229353,36.767605,-1.244207,36.816642,2023-05-01T15:06:00,2023-05-01T15:21:00
38,-1.317457,36.704845,-1.201478,36.846486,2023-05-01T12:10:00,2023-05-01T12:21:00
39,-1.302489,36.794088,-1.301449,36.812632,2023-05-01T17:08:00,2023-05-01T17:17:00
40,-1.303074,36.826063,-1.3115,36.738068,2023-05-01T23:47:00,2023-05-01T23:56:00
41,-1.259502,36.749653,-1.201855,36.713384,2023-05-01T02:02:00,2023-05-01T02:10:00
42,-1.29151,36.708387,-1.339573,36.774204,2023-05-01T03:44:00,2023-05-01T04:09:00
43,-1.299237,36.807705,-1.265131,36.702664,2023-05-01T18:37:00,2023-05-01T18:52:00
44,-1.259145,36.703954,-1.308246,36.85462,2023-05-01T08:55:00,2023-05-01T09:14:00
45,-1.241556,36.874965,-1.285106,36.735469,2023-05-01T12:38:00,2023-05-01T12:59:00
46,-1.283767,36.73812,-1.334765,36.885086,2023-05-01T05:31:00,2023-05-01T05:36:00
47,-1.226422,36.886049,-1.290386,36.848856,2023-05-01T15:15:00,2023-05-01T15:34:00
48,-1.203413,36.701206,-1.308057,36.708748,2023-05-01T12:32:00,2023-05-01T12:54:00
49,-1.283886,36.742953,-1.314579,36.793903,2023-05-01T22:44:00,2023-05-01T22:56:00
50,-1.298394,36.731591,-1.27653,36.774083,2023-05-01T04:12:00,2023-05-01T04:31:00
51,-1.342221,36.797579,-1.263826,36.821012,2023-05-01T12:13:00,2023-05-01T12:24:00
52,-1.298547,36.77183,-1.223825,36.844722,2023-05-01T03:43:00,2023-05-01T04:08:00
53,-1.234772,36.886278,-1.243774,36.762623,2023-05-01T21:54:00,2023-05-01T22:22:00
54,-1.304038,36.893455,-1.216706,36.897735,2023-05-01T18:02:00,2023-05-01T18:31:00
55,-1.300711,36.737921,-1.218162,36.828152,2023-05-01T23:12:00,2023-05-01T23:27:00
56,-1.282047,36.783951,-1.253709,36.808656,2023-05-01T16:16:00,2023-05-01T16:43:00
57,-1.201674,36.714625,-1.205879,36.754185,2023-05-01T15:41:00,2023-05-01T16:11:00
58,-1.213803,36.76832,-1.311196,36.877533,2023-05-01T01:13:00,2023-05-01T01:23:00
59,-1.2361,36.861949,-1.290539,36.845154,2023-05-01T17:33:00,2023-05-01T17:54:00
60,-1.202552,36.884611,-1.31035,36.72341,2023-05-01T14:22:00,2023-05-01T14:36:00
61,-1.215987,36.760174,-1.33328,36.744488,2023-05-01T01:07:00,2023-05-01T01:16:00
62,-1.298033,36.800434,-1.337839,36.813167,2023-05-01T07:58:00,2023-05-01T08:25:00
63,-1.284881,36.806223,-1.330839,36.774633,2023-05-01T03:56:00,2023-05-01T04:21:00
64,-1.309095,36.874363,-1.28093,36.700491,2023-05-01T23:15:00,2023-05-01T23:28:00
65,-1.345409,36.762949,-1.218421,36.709397,2023-05-01T01:49:00,2023-05-01T01:57:00
66,-1.296453,36.74426,-1.272554,36.765796,2023-05-01T14:06:00,2023-05-01T14:16:00
67,-1.273256,36.70766,-1.281373,36.896482,2023-05-01T02:47:00,2023-05-01T03:04:00
68,-1.307563,36.789384,-1.33876,36.846987,2023-05-01T21:57:00,2023-05-01T22:25:00
69,-1.310377,36.895977,-1.328543,36.897363,2023-05-01T06:14:00,2023-05-01T06:36:00
70,-1.338109,36.897197,-1.313981,36.879343,2023-05-01T12:53:00,2023-05-01T13:17:00
71,-1.279151,36.791262,-1.244639,36.82863,2023-05-01T04:57:00,2023-05-01T05:04:00
72,-1.224243,36.801514,-1.326526,36.879193,2023-05-01T05:56:00,2023-05-01T06:16:00
73,-1.28385,36.847964,-1.335301,36.815252,2023-05-01T15:17:00,2023-05-01T15:29:00
74,-1.275308,36.715058,-1.203628,36.816828,2023-05-01T01:42:00,2023-05-01T02:02:00
75,-1.227106,36.722069,-1.275718,36.894423,2023-05-01T23:19:00,2023-05-01T23:25:00
76,-1.329377,36.860057,-1.245824,36.783276,2023-05-01T11:43:00,2023-05-01T11:52:00
77,-1.279161,36.804958,-1.269473,36.832755,2023-05-01T08:24:00,2023-05-01T08:50:00
78,-1.280605,36.701854,-1.287519,36.814653,2023-05-01T08:25:00,2023-05-01T08:46:00
79,-1.348086,36.849399,-1.307377,36.87635,2023-05-01T00:03:00,2023-05-01T00:25:00
80,-1.249308,36.815326,-1.326577,36.771671,2023-05-01T10:09:00,2023-05-01T10:39:00
81,-1.301975,36.703249,-1.334276,36.768962,2023-05-01T10:13:00,2023-05-01T10:22:00
82,-1.302665,36.707905,-1.30125,36.762139,2023-05-01T18:41:00,2023-05-01T18:57:00
83,-1.210711,36.822499,-1.24112,36.733457,2023-05-01T23:22:00,2023-05-01T23:29:00
84,-1.206177,36.818288,-1.292561,36.823338,2023-05-01T04:34:00,2023-05-01T04:58:00
85,-1.258968,36.833863,-1.266957,36.806247,2023-05-01T16:31:00,2023-05-01T16:40:00
86,-1.277497,36.895333,-1.33454,36.824978,2023-05-01T05:15:00,2023-05-01T05:32:00
87,-1.241608,36.894245,-1.333404,36.868342,2023-05-01T16:22:00,2023-05-01T16:46:00
88,-1.208931,36.827087,-1.302797,36.892706,2023-05-01T15:08:00,2023-05-01T15:36:00
89,-1.302434,36.874698,-1.34075,36.751883,2023-05-01T05:56:00,2023-05-01T06:15:00
90,-1.249677,36.843346,-1.230672,36.712753,2023-05-01T09:28:00,2023-05-01T09:55:00
91,-1.29714,36.716609,-1.254742,36.712467,2023-05-01T01:48:00,2023-05-01T02:09:00
92,-1.339079,36.84304,-1.31564,36.781468,2023-05-01T13:11:00,2023-05-01T13:32:00
93,-1.260717,36.872834,-1.251887,36.820952,2023-05-01T02:33:00,2023-05-01T02:40:00
94,-1.203014,36.879327,-1.34025,36.775105,2023-05-01T01:50:00,2023-05-01T01:59:00
95,-1.219438,36.897008,-1.324709,36.757162,2023-05-01T10:03:00,2023-05-01T10:22:00
96,-1.342298,36.88787,-1.288692,36.796204,2023-05-01T15:18:00,2023-05-01T15:35:00
97,-1.340969,36.721044,-1.273709,36.7444,2023-05-01T16:40:00,2023-05-01T16:56:00
98,-1.259751,36.769046,-1.307107,36.847683,2023-05-01T06:34:00,2023-05-01T06:53:00
99,-1.225912,36.894114,-1.272986,36.8064,2023-05-01T22:20:00,2023-05-01T22:28:00
100,-1.201478,36.735576,-1.221502,36.802397,2023-05-01T12:28:00,2023-05-01T12:42:00
101,-1.253229,36.755004,-1.215901,36.879767,2023-05-01T19:13:00,2023-05-01T19:24:00
102,-1.223799,36.731189,-1.267034,36.740662,2023-05-01T06:57:00,2023-05-01T07:02:00
103,-1.225984,36.80003,-1.316719,36.734599,2023-05-01T20:29:00,2023-05-01T20:45:00
104,-1.276202,36.886494,-1.297261,36.886293,2023-05-01T14:02:00,2023-05-01T14:29:00
105,-1.277825,36.70706,-1.298762,36.851445,2023-05-01T08:16:00,2023-05-01T08:41:00
106,-1.347733,36.757716,-1.337556,36.857849,2023-05-01T05:07:00,2023-05-01T05:28:00
107,-1.338207,36.840288,-1.21501,36.747853,2023-05-01T19:12:00,2023-05-01T19:21:00
108,-1.224041,36.861601,-1.283669,36.752264,2023-05-01T03:34:00,2023-05-01T03:50:00
109,-1.320608,36.732913,-1.340526,36.75841,2023-05-01T07:13:00,2023-05-01T07:26:00
110,-1.201838,36.787711,-1.250696,36.726168,2023-05-01T11:19:00,2023-05-01T11:26:00
111,-1.287277,36.724304,-1.217513,36.887571,2023-05-01T11:30:00,2023-05-01T11:39:00
112,-1.265365,36.82641,-1.311202,36.787512,2023-05-01T00:54:00,2023-05-01T01:23:00
113,-1.340615,36.88654,-1.299127,36.754621,2023-05-01T01:33:00,2023-05-01T01:52:00
114,-1.267621,36.746093,-1.325675,36.869088,2023-05-01T08:42:00,2023-05-01T09:09:00
115,-1.200109,36.715064,-1.241481,36.704433,2023-05-01T18:07:00,2023-05-01T18:17:00
116,-1.281147,36.801825,-1.255996,36.89032,2023-05-01T16:42:00,2023-05-01T16:55:00
117,-1.282319,36.780503,-1.242241,36.842009,2023-05-01T14:40:00,2023-05-01T14:52:00
118,-1.342485,36.71486,-1.280047,36.895294,2023-05-01T23:05:00,2023-05-01T23:16:00
119,-1.219224,36.708306,-1.234175,36.756758,2023-05-01T12:16:00,2023-05-01T12:38:00
120,-1.333253,36.874245,-1.335138,36.837927,2023-05-01T04:10:00,2023-05-01T04:31:00
121,-1.291181,36.874251,-1.218946,36.821247,2023-05-01T14:40:00,2023-05-01T14:45:00
122,-1.23133,36.778679,-1.239677,36.795888,2023-05-01T12:29:00,2023-05-01T12:44:00
123,-1.216117,36.861623,-1.267155,36.884306,2023-05-01T15:07:00,2023-05-01T15:37:00
124,-1.215234,36.82608,-1.298951,36.727899,2023-05-01T03:57:00,2023-05-01T04:20:00
125,-1.314415,36.88892,-1.235858,36.719207,2023-05-01T12:38:00,2023-05-01T13:01:00
126,-1.219987,36.748316,-1.263573,36.769021,2023-05-01T16:11:00,2023-05-01T16:26:00
127,-1.340997,36.786235,-1.210984,36.716756,2023-05-01T17:25:00,2023-05-01T17:53:00
128,-1.298327,36.791185,-1.328656,36.765354,2023-05-01T02:06:00,2023-05-01T02:24:00
129,-1.308634,36.793988,-1.235548,36.736004,2023-05-01T19:01:00,2023-05-01T19:11:00
130,-1.345376,36.804563,-1.340532,36.868501,2023-05-01T06:33:00,2023-05-01T06:47:00
131,-1.233581,36.892964,-1.292458,36.809728,2023-05-01T16:23:00,2023-05-01T16:41:00
132,-1.243203,36.747133,-1.231684,36.848013,2023-05-01T15:51:00,2023-05-01T16:03:00
133,-1.213992,36.893479,-1.29673,36.843443,2023-05-01T05:36:00,2023-05-01T05:54:00
134,-1.319166,36.821312,-1.325718,36.784643,2023-05-01T00:20:00,2023-05-01T00:46:00
135,-1.247068,36.887884,-1.331973,36.886194,2023-05-01T15:41:00,2023-05-01T15:51:00
136,-1.328342,36.777562,-1.269351,36.876764,2023-05-01T05:22:00,2023-05-01T05:30:00
137,-1.318361,36.863984,-1.329145,36.824981,2023-05-01T11:43:00,2023-05-01T12:10:00
138,-1.340934,36.853249,-1.26639,36.72806,2023-05-01T23:32:00,2023-05-01T23:55:00
139,-1.301952,36.794588,-1.268411,36.747708,2023-05-01T19:40:00,2023-05-01T19:52:00
140,-1.236102,36.861828,-1.25389,36.854487,2023-05-01T07:01:00,2023-05-01T07:23:00
141,-1.244991,36.816649,-1.339488,36.753779,2023-05-01T12:52:00,2023-05-01T13:06:00
142,-1.335893,36.873766,-1.201446,36.826961,2023-05-01T12:36:00,2023-05-01T12:47:00
143,-1.255923,36.825941,-1.203761,36.746743,2023-05-01T20:50:00,2023-05-01T21:13:00
144,-1.303205,36.835967,-1.242289,36.744085,2023-05-01T06:51:00,2023-05-01T07:17:00
145,-1.341941,36.776518,-1.21361,36.741731,2023-05-01T01:03:00,2023-05-01T01:22:00
146,-1.25931,36.890864,-1.218979,36.740164,2023-05-01T05:27:00,2023-05-01T05:48:00
147,-1.312272,36.843488,-1.203364,36.892002,2023-05-01T20:41:00,2023-05-01T20:54:00
148,-1.344297,36.854151,-1.257392,36.884815,2023-05-01T12:14:00,2023-05-01T12:29:00
149,-1.285283,36.800818,-1.241955,36.830558,2023-05-01T19:38:00,2023-05-01T19:52:00
150,-1.250537,36.71249,-1.329083,36.872775,2023-05-01T07:06:00,2023-05-01T07:11:00
151,-1.211875,36.75417,-1.296635,36.897112,2023-05-01T23:21:00,2023-05-01T23:48:00
152,-1.220602,36.767806,-1.276447,36.844957,2023-05-01T16:54:00,2023-05-01T17:24:00
153,-1.319881,36.788107,-1.222854,36.856647,2023-05-01T09:24:00,2023-05-01T09:29:00
154,-1.294159,36.741968,-1.296532,36.725742,2023-05-01T01:49:00,2023-05-01T01:54:00
155,-1.215932,36.701376,-1.232573,36.756645,2023-05-01T18:25:00,2023-05-01T18:50:00
156,-1.341407,36.881224,-1.243937,36.713723,2023-05-01T14:42:00,2023-05-01T14:55:00
157,-1.280471,36.850097,-1.319103,36.76732,2023-05-01T18:54:00,2023-05-01T19:22:00
158,-1.219584,36.709355,-1.306349,36.756592,2023-05-01T21:13:00,2023-05-01T21:21:00
159,-1.280581,36.805053,-1.300228,36.720188,2023-05-01T02:58:00,2023-05-01T03:20:00
160,-1.340788,36.803224,-1.200126,36.711828,2023-05-01T03:46:00,2023-05-01T04:16:00
161,-1.307132,36.861292,-1.243858,36.806927,2023-05-01T08:27:00,2023-05-01T08:52:00
162,-1.340131,36.725171,-1.238259,36.803254,2023-05-01T15:57:00,2023-05-01T16:25:00
163,-1.210749,36.805669,-1.239835,36.731313,2023-05-01T19:36:00,2023-05-01T20:03:00
164,-1.298182,36.850469,-1.251361,36.745073,2023-05-01T02:56:00,2023-05-01T03:18:00
165,-1.233498,36.715831,-1.205212,36.837317,2023-05-01T22:29:00,2023-05-01T22:58:00
166,-1.31948,36.864307,-1.308005,36.889025,2023-05-01T21:02:00,2023-05-01T21:12:00
167,-1.276074,36.868372,-1.249966,36.716547,2023-05-01T20:29:00,2023-05-01T20:43:00
168,-1.238348,36.816525,-1.259834,36.705559,2023-05-01T14:30:00,2023-05-01T14:41:00
169,-1.292404,36.866817,-1.311714,36.759503,2023-05-01T09:23:00,2023-05-01T09:48:00
170,-1.265807,36.775532,-1.216602,36.701886,2023-05-01T14:46:00,2023-05-01T15:11:00
171,-1.265442,36.724495,-1.312122,36.824551,2023-05-01T05:08:00,2023-05-01T05:21:00
172,-1.227556,36.792592,-1.328659,36.829079,2023-05-01T05:35:00,2023-05-01T05:44:00
173,-1.24083,36.881717,-1.295722,36.885857,2023-05-01T07:35:00,2023-05-01T07:53:00
174,-1.296553,36.766302,-1.337513,36.851546,2023-05-01T16:41:00,2023-05-01T16:46:00
175,-1.212222,36.750817,-1.319452,36.717671,2023-05-01T13:14:00,2023-05-01T13:34:00
176,-1.305623,36.854314,-1.292548,36.896697,2023-05-01T16:55:00,2023-05-01T17:05:00
177,-1.313795,36.832261,-1.332496,36.851851,2023-05-01T05:14:00,2023-05-01T05:19:00
178,-1.230981,36.722679,-1.292663,36.838435,2023-05-01T06:04:00,2023-05-01T06:16:00
179,-1.214353,36.863182,-1.335299,36.803023,2023-05-01T19:31:00,2023-05-01T20:00:00
180,-1.334391,36.892084,-1.214225,36.831989,2023-05-01T15:03:00,2023-05-01T15:12:00
181,-1.212963,36.796124,-1.312211,36.87769,2023-05-01T22:56:00,2023-05-01T23:18:00
182,-1.284276,36.88495,-1.25112,36.808826,2023-05-01T08:28:00,2023-05-01T08:58:00
183,-1.335388,36.779952,-1.292637,36.758498,2023-05-01T05:55:00,2023-05-01T06:24:00
184,-1.334072,36.759721,-1.244802,36.719581,2023-05-01T16:13:00,2023-05-01T16:43:00
185,-1.339641,36.71231,-1.21773,36.702631,2023-05-01T07:49:00,2023-05-01T08:11:00
186,-1.218136,36.826655,-1.234356,36.792379,2023-05-01T19:24:00,2023-05-01T19:50:00
187,-1.292629,36.737101,-1.28976,36.850532,2023-05-01T11:24:00,2023-05-01T11:34:00
188,-1.320074,36.783775,-1.31922,36.712053,2023-05-01T23:43:00,2023-05-01T23:52:00
189,-1.29173,36.748152,-1.337503,36.896665,2023-05-01T18:19:00,2023-05-01T18:28:00
190,-1.344794,36.892662,-1.269059,36.843175,2023-05-01T05:55:00,2023-05-01T06:16:00
191,-1.305144,36.715682,-1.235785,36.883547,2023-05-01T21:24:00,2023-05-01T21:41:00
192,-1.206733,36.824977,-1.272265,36.740838,2023-05-01T11:02:00,2023-05-01T11:32:00
193,-1.285851,36.837309,-1.300318,36.727011,2023-05-01T01:01:00,2023-05-01T01:18:00
194,-1.290744,36.754749,-1.256384,36.747478,2023-05-01T08:02:00,2023-05-01T08:23:00
195,-1.212831,36.833149,-1.210617,36.821882,2023-05-01T20:50:00,2023-05-01T21:09:00
196,-1.200698,36.895342,-1.335605,36.759493,2023-05-01T07:47:00,2023-05-01T07:56:00
197,-1.228954,36.844663,-1.26542,36.784885,2023-05-01T19:57:00,2023-05-01T20:03:00
198,-1.23545,36.755292,-1.329818,36.740824,2023-05-01T23:47:00,2023-05-02T00:03:00
199,-1.267072,36.81415,-1.34239,36.863478,2023-05-01T10:52:00,2023-05-01T11:16:00
200,-1.208669,36.836262,-1.265597,36.885466,2023-05-01T00:40:00,2023-05-01T00:57:00
201,-1.256863,36.895233,-1.282417,36.763317,2023-05-01T10:08:00,2023-05-01T10:26:00
202,-1.207687,36.79172,-1.339009,36.761034,2023-05-01T01:49:00,2023-05-01T02:06:00
203,-1.276022,36.861413,-1.275521,36.859707,2023-05-01T08:57:00,2023-05-01T09:02:00
204,-1.243464,36.875519,-1.338635,36.750703,2023-05-01T12:04:00,2023-05-01T12:23:00
205,-1.315021,36.851656,-1.206992,36.898291,2023-05-01T14:46:00,2023-05-01T15:05:00
206,-1.32857,36.702705,-1.21524,36.756007,2023-05-01T06:56:00,2023-05-01T07:24:00
207,-1.344397,36.834345,-1.289852,36.860084,2023-05-01T01:55:00,2023-05-01T02:12:00
208,-1.207168,36.838328,-1.251157,36.752284,2023-05-01T05:46:00,2023-05-01T05:52:00
209,-1.304456,36.819554,-1.342517,36.834456,2023-05-01T09:07:00,2023-05-01T09:28:00
210,-1.336093,36.715651,-1.285448,36.841837,2023-05-01T09:24:00,2023-05-01T09:45:00
211,-1.294321,36.754741,-1.206785,36.887167,2023-05-01T02:34:00,2023-05-01T02:40:00
212,-1.261494,36.886729,-1.325365,36.723481,2023-05-01T19:16:00,2023-05-01T19:31:00
213,-1.202518,36.888765,-1.240621,36.828516,2023-05-01T22:35:00,2023-05-01T23:04:00
214,-1.338132,36.718364,-1.338051,36.841208,2023-05-01T08:02:00,2023-05-01T08:15:00
215,-1.322099,36.834787,-1.246812,36.706232,2023-05-01T03:51:00,2023-05-01T04:10:00
216,-1.320875,36.805812,-1.287995,36.785671,2023-05-01T12:44:00,2023-05-01T13:00:00
217,-1.290431,36.716836,-1.298986,36.761991,2023-05-01T14:35:00,2023-05-01T14:56:00
218,-1.216763,36.778131,-1.255385,36.893572,2023-05-01T19:42:00,2023-05-01T19:54:00
219,-1.29576,36.799736,-1.252647,36.716096,2023-05-01T08:29:00,2023-05-01T08:43:00
220,-1.321987,36.878503,-1.282076,36.80252,2023-05-01T01:58:00,2023-05-01T02:06:00
221,-1.340521,36.766859,-1.339584,36.765477,2023-05-01T09:21:00,2023-05-01T09:45:00
222,-1.254373,36.768556,-1.222527,36.7971,2023-05-01T12:23:00,2023-05-01T12:49:00
223,-1.292764,36.784741,-1.344777,36.850196,2023-05-01T15:54:00,2023-05-01T16:20:00
224,-1.321673,36.765708,-1.215122,36.832776,2023-05-01T02:39:00,2023-05-01T02:52:00
225,-1.304831,36.767302,-1.239078,36.832738,2023-05-01T01:40:00,2023-05-01T01:51:00
226,-1.305879,36.776656,-1.279242,36.707263,2023-05-01T12:52:00,2023-05-01T13:09:00
227,-1.326431,36.893314,-1.285439,36.806465,2023-05-01T17:27:00,2023-05-01T17:47:00
228,-1.201527,36.843893,-1.284569,36.827645,2023-05-01T08:44:00,2023-05-01T09:12:00
229,-1.317244,36.765296,-1.275345,36.760467,2023-05-01T01:49:00,2023-05-01T01:56:00
230,-1.205407,36.716338,-1.257387,36.742338,2023-05-01T23:55:00,2023-05-02T00:17:00
231,-1.248241,36.767025,-1.250848,36.865442,2023-05-01T09:49:00,2023-05-01T10:04:00
232,-1.343515,36.718001,-1.336744,36.702124,2023-05-01T07:17:00,2023-05-01T07:34:00
233,-1.327041,36.843339,-1.207039,36.83337,2023-05-01T06:48:00,2023-05-01T06:59:00
234,-1.302071,36.891623,-1.304943,36.796253,2023-05-01T05:54:00,2023-05-01T06:05:00
235,-1.333144,36.761749,-1.292146,36.732498,2023-05-01T14:09:00,2023-05-01T14:23:00
236,-1.233171,36.775757,-1.283627,36.730831,2023-05-01T15:04:00,2023-05-01T15:23:00
237,-1.243996,36.773964,-1.267968,36.833227,2023-05-01T05:42:00,2023-05-01T05:51:00
238,-1.212546,36.746926,-1.283225,36.805087,2023-05-01T16:15:00,2023-05-01T16:28:00
239,-1.341508,36.71429,-1.268006,36.836956,2023-05-01T05:02:00,2023-05-01T05:15:00
240,-1.293947,36.800642,-1.331821,36.813924,2023-05-01T21:09:00,2023-05-01T21:19:00
241,-1.244009,36.803857,-1.325579,36.734357,2023-05-01T17:38:00,2023-05-01T18:07:00
242,-1.226358,36.751334,-1.284364,36.774672,2023-05-01T13:10:00,2023-05-01T13:25:00
243,-1.254886,36.715547,-1.267241,36.891656,2023-05-01T08:50:00,2023-05-01T09:03:00
244,-1.318327,36.887411,-1.338899,36.786901,2023-05-01T14:23:00,2023-05-01T14:44:00
245,-1.303992,36.765722,-1.34688,36.763381,2023-05-01T03:53:00,2023-05-01T04:11:00
246,-1.294797,36.877818,-1.280498,36.700978,2023-05-01T00:00:00,2023-05-01T00:09:00
247,-1.325866,36.870471,-1.250366,36.789277,2023-05-01T08:26:00,2023-05-01T08:32:00
248,-1.271448,36.844674,-1.304788,36.741054,2023-05-01T16:12:00,2023-05-01T16:36:00
249,-1.345232,36.819571,-1.339802,36.837851,2023-05-01T21:05:00,2023-05-01T21:13:00
250,-1.313594,36.758941,-1.259657,36.707929,2023-05-01T14:49:00,2023-05-01T15:18:00
251,-1.288377,36.866659,-1.302767,36.706446,2023-05-01T04:57:00,2023-05-01T05:16:00
252,-1.252434,36.705295,-1.255936,36.736074,2023-05-01T10:24:00,2023-05-01T10:49:00
253,-1.333822,36.825189,-1.327043,36.788595,2023-05-01T16:37:00,2023-05-01T17:01:00
254,-1.267237,36.784847,-1.260702,36.810858,2023-05-01T12:04:00,2023-05-01T12:26:00
255,-1.322387,36.848271,-1.308106,36.866728,2023-05-01T18:28:00,2023-05-01T18:35:00
256,-1.206932,36.895189,-1.229051,36.715986,2023-05-01T16:24:00,2023-05-01T16:44:00
257,-1.297044,36.873865,-1.253497,36.748723,2023-05-01T23:21:00,2023-05-01T23:39:00
258,-1.241185,36.863426,-1.267341,36.776893,2023-05-01T22:00:00,2023-05-01T22:10:00
259,-1.301159,36.855301,-1.344041,36.741824,2023-05-01T23:07:00,2023-05-01T23:35:00
260,-1.29702,36.738508,-1.211691,36.864198,2023-05-01T00:13:00,2023-05-01T00:22:00
261,-1.236371,36.737539,-1.333495,36.72845,2023-05-01T18:24:00,2023-05-01T18:40:00
262,-1.283809,36.863695,-1.340016,36.851418,2023-05-01T08:02:00,2023-05-01T08:12:00
263,-1.231458,36.744936,-1.20995,36.885973,2023-05-01T20:07:00,2023-05-01T20:31:00
264,-1.294422,36.729201,-1.324813,36.712153,2023-05-01T01:17:00,2023-05-01T01:26:00
265,-1.21408,36.883102,-1.32713,36.759633,2023-05-01T17:14:00,2023-05-01T17:36:00
266,-1.312403,36.806269,-1.339303,36.821159,2023-05-01T18:56:00,2023-05-01T19:05:00
267,-1.201413,36.785164,-1.208568,36.807872,2023-05-01T04:32:00,2023-05-01T04:59:00
268,-1.316694,36.763346,-1.322372,36.852741,2023-05-01T21:24:00,2023-05-01T21:30:00
269,-1.221696,36.785124,-1.215889,36.8655,2023-05-01T21:04:00,2023-05-01T21:16:00
270,-1.237726,36.835512,-1.341755,36.8987,2023-05-01T00:45:00,2023-05-01T01:01:00
271,-1.34766,36.898555,-1.215916,36.847141,2023-05-01T23:13:00,2023-05-01T23:26:00
272,-1.32895,36.749401,-1.347754,36.748793,2023-05-01T19:07:00,2023-05-01T19:28:00
273,-1.326959,36.787054,-1.337022,36.838763,2023-05-01T05:07:00,2023-05-01T05:21:00
274,-1.206616,36.757944,-1.325094,36.827361,2023-05-01T04:31:00,2023-05-01T04:41:00
275,-1.269513,36.719485,-1.244514,36.89811,2023-05-01T07:21:00,2023-05-01T07:50:00
276,-1.316943,36.712275,-1.325061,36.756348,2023-05-01T20:32:00,2023-05-01T21:00:00
277,-1.24066,36.739734,-1.325937,36.843067,2023-05-01T20:17:00,2023-05-01T20:24:00
278,-1.217559,36.789497,-1.228332,36.818014,2023-05-01T23:48:00,2023-05-02T00:08:00
279,-1.204931,36.835707,-1.22116,36.736214,2023-05-01T04:11:00,2023-05-01T04:19:00
280,-1.210143,36.739438,-1.316933,36.875912,2023-05-01T05:56:00,2023-05-01T06:02:00
281,-1.221906,36.700792,-1.205856,36.741006,2023-05-01T23:08:00,2023-05-01T23:36:00
282,-1.22631,36.723703,-1.274118,36.798554,2023-05-01T14:11:00,2023-05-01T14:31:00
283,-1.327094,36.836541,-1.330842,36.860117,2023-05-01T15:52:00,2023-05-01T16:10:00
284,-1.317303,36.830371,-1.239762,36.852487,2023-05-01T04:01:00,2023-05-01T04:24:00
285,-1.214308,36.78952,-1.309995,36.887264,2023-05-01T18:06:00,2023-05-01T18:27:00
286,-1.255788,36.79393,-1.340364,36.857237,2023-05-01T16:38:00,2023-05-01T16:50:00
287,-1.335815,36.788102,-1.314092,36.718844,2023-05-01T16:55:00,2023-05-01T17:16:00
288,-1.250673,36.719113,-1.270075,36.727916,2023-05-01T05:18:00,2023-05-01T05:42:00
289,-1.242938,36.868327,-1.245298,36.79361,2023-05-01T18:21:00,2023-05-01T18:34:00
290,-1.33583,36.837279,-1.208055,36.799311,2023-05-01T17:31:00,2023-05-01T17:43:00
291,-1.267216,36.742846,-1.343532,36.767804,2023-05-01T01:47:00,2023-05-01T02:03:00
292,-1.22473,36.865506,-1.203726,36.891066,2023-05-01T09:59:00,2023-05-01T10:16:00
293,-1.20454,36.712811,-1.338788,36.877568,2023-05-01T05:02:00,2023-05-01T05:22:00
294,-1.291406,36.862989,-1.250916,36.768093,2023-05-01T13:29:00,2023-05-01T13:53:00
295,-1.256847,36.824288,-1.227674,36.854808,2023-05-01T01:49:00,2023-05-01T02:03:00
296,-1.229801,36.755051,-1.224881,36.888634,2023-05-01T03:46:00,2023-05-01T04:06:00
297,-1.206118,36.733569,-1.258279,36.716917,2023-05-01T23:57:00,2023-05-02T00:08:00
298,-1.221043,36.727133,-1.294473,36.893394,2023-05-01T07:38:00,2023-05-01T08:05:00
299,-1.230287,36.793987,-1.272539,36.749008,2023-05-01T16:11:00,2023-05-01T16:25:00
300,-1.24505,36.795376,-1.210527,36.862048,2023-05-01T19:26:00,2023-05-01T19:35:00
301,-1.267851,36.717368,-1.233677,36.804175,2023-05-01T08:10:00,2023-05-01T08:39:00
302,-1.324538,36.812953,-1.334976,36.739825,2023-05-01T21:56:00,2023-05-01T22:03:00
303,-1.293097,36.795923,-1.27215,36.810876,2023-05-01T00:13:00,2023-05-01T00:36:00
304,-1.270658,36.718137,-1.267095,36.813826,2023-05-01T13:13:00,2023-05-01T13:29:00
305,-1.209439,36.773665,-1.296841,36.811511,2023-05-01T23:24:00,2023-05-01T23:33:00
306,-1.310288,36.846023,-1.319417,36.71278,2023-05-01T17:28:00,2023-05-01T17:49:00
307,-1.346615,36.895325,-1.200401,36.892377,2023-05-01T01:52:00,2023-05-01T02:03:00
308,-1.221792,36.784388,-1.296662,36.805805,2023-05-01T18:53:00,2023-05-01T19:16:00
309,-1.270572,36.849278,-1.280636,36.894027,2023-05-01T20:44:00,2023-05-01T21:11:00
310,-1.298279,36.791354,-1.2769,36.771659,2023-05-01T13:35:00,2023-05-01T13:57:00
311,-1.211067,36.865707,-1.339213,36.743478,2023-05-01T09:29:00,2023-05-01T09:34:00
312,-1.22055,36.885743,-1.34988,36.773833,2023-05-01T07:10:00,2023-05-01T07:21:00
313,-1.219129,36.883714,-1.331374,36.727771,2023-05-01T19:03:00,2023-05-01T19:11:00
314,-1.294201,36.754581,-1.294327,36.853765,2023-05-01T14:09:00,2023-05-01T14:19:00
315,-1.269735,36.889976,-1.248081,36.804074,2023-05-01T06:22:00,2023-05-01T06:33:00
316,-1.245913,36.799345,-1.296197,36.831906,2023-05-01T09:56:00,2023-05-01T10:18:00
317,-1.210585,36.752177,-1.30052,36.703292,2023-05-01T09:03:00,2023-05-01T09:17:00
318,-1.329137,36.808338,-1.25485,36.767141,2023-05-01T01:00:00,2023-05-01T01:26:00
319,-1.282379,36.82241,-1.271689,36.86285,2023-05-01T22:15:00,2023-05-01T22:42:00
320,-1.34381,36.773083,-1.201751,36.732419,2023-05-01T02:58:00,2023-05-01T03:26:00
321,-1.257603,36.727399,-1.283467,36.808653,2023-05-01T04:33:00,2023-05-01T04:43:00
322,-1.202648,36.741305,-1.212708,36.781505,2023-05-01T21:18:00,2023-05-01T21:30:00
323,-1.265519,36.790682,-1.202193,36.839892,2023-05-01T05:38:00,2023-05-01T05:49:00
324,-1.279323,36.848381,-1.286381,36.743998,2023-05-01T14:41:00,2023-05-01T14:55:00
325,-1.204191,36.899793,-1.301253,36.761141,2023-05-01T07:03:00,2023-05-01T07:28:00
326,-1.345098,36.838463,-1.346267,36.763947,2023-05-01T23:35:00,2023-05-02T00:05:00
327,-1.255889,36.788762,-1.298074,36.858991,2023-05-01T11:03:00,2023-05-01T11:14:00
328,-1.25381,36.808928,-1.264629,36.788888,2023-05-01T14:25:00,2023-05-01T14:38:00
329,-1.298352,36.788985,-1.266804,36.86549,2023-05-01T09:29:00,2023-05-01T09:51:00
330,-1.243918,36.892489,-1.303567,36.848254,2023-05-01T05:53:00,2023-05-01T06:20:00
331,-1.226114,36.85877,-1.214196,36.847906,2023-05-01T10:19:00,2023-05-01T10:29:00
332,-1.269967,36.703647,-1.275927,36.700669,2023-05-01T12:13:00,2023-05-01T12:34:00
333,-1.272369,36.867569,-1.308978,36.82931,2023-05-01T23:24:00,2023-05-01T23:30:00
334,-1.244491,36.713016,-1.229526,36.842478,2023-05-01T05:18:00,2023-05-01T05:40:00
335,-1.306554,36.797905,-1.230144,36.808516,2023-05-01T05:38:00,2023-05-01T05:53:00
336,-1.276274,36.837874,-1.347477,36.892949,2023-05-01T15:34:00,2023-05-01T15:56:00
337,-1.26535,36.863231,-1.206926,36.760515,2023-05-01T23:02:00,2023-05-01T23:10:00
338,-1.212405,36.894134,-1.346426,36.74257,2023-05-01T22:03:00,2023-05-01T22:24:00
339,-1.297967,36.827276,-1.221458,36.744234,2023-05-01T19:11:00,2023-05-01T19:33:00
340,-1.235221,36.738531,-1.241611,36.850733,2023-05-01T19:20:00,2023-05-01T19:48:00
341,-1.234262,36.882234,-1.273431,36.875814,2023-05-01T09:44:00,2023-05-01T10:02:00
342,-1.21652,36.757499,-1.20053,36.715322,2023-05-01T16:23:00,2023-05-01T16:38:00
343,-1.283771,36.703994,-1.296192,36.720319,2023-05-01T19:53:00,2023-05-01T20:22:00
344,-1.255447,36.700461,-1.218306,36.805518,2023-05-01T23:00:00,2023-05-01T23:07:00
345,-1.225751,36.817405,-1.341292,36.786684,2023-05-01T21:36:00,2023-05-01T21:52:00
346,-1.313786,36.809031,-1.337099,36.780004,2023-05-01T19:15:00,2023-05-01T19:22:00
347,-1.223424,36.764204,-1.241043,36.760992,2023-05-01T23:38:00,2023-05-02T00:04:00
348,-1.282364,36.782977,-1.298753,36.798448,2023-05-01T08:58:00,2023-05-01T09:12:00
349,-1.301757,36.734255,-1.293253,36.803443,2023-05-01T20:35:00,2023-05-01T20:43:00
350,-1.278504,36.787098,-1.293401,36.741913,2023-05-01T06:50:00,2023-05-01T07:12:00
351,-1.321867,36.801851,-1.262481,36.800902,2023-05-01T08:34:00,2023-05-01T09:04:00
352,-1.307275,36.897771,-1.251404,36.777976,2023-05-01T06:48:00,2023-05-01T07:00:00
353,-1.217449,36.715264,-1.231863,36.755094,2023-05-01T07:35:00,2023-05-01T07:40:00
354,-1.295726,36.771872,-1.247376,36.85456,2023-05-01T00:04:00,2023-05-01T00:14:00
355,-1.285524,36.768907,-1.200083,36.724138,2023-05-01T16:59:00,2023-05-01T17:25:00
356,-1.238245,36.844962,-1.282246,36.889564,2023-05-01T13:00:00,2023-05-01T13:18:00
357,-1.311186,36.859666,-1.337139,36.80029,2023-05-01T05:38:00,2023-05-01T06:03:00
358,-1.226748,36.891959,-1.260487,36.881356,2023-05-01T19:32:00,2023-05-01T19:59:00
359,-1.271581,36.824871,-1.239136,36.801909,2023-05-01T08:05:00,2023-05-01T08:26:00
360,-1.247431,36.706795,-1.246017,36.727468,2023-05-01T19:51:00,2023-05-01T20:17:00
361,-1.275908,36.898316,-1.308141,36.738582,2023-05-01T17:12:00,2023-05-01T17:42:00
362,-1.289636,36.701469,-1.318423,36.710569,2023-05-01T11:02:00,2023-05-01T11:24:00
363,-1.301757,36.762079,-1.224336,36.858719,2023-05-01T23:10:00,2023-05-01T23:40:00
364,-1.303113,36.792431,-1.238302,36.854865,2023-05-01T08:26:00,2023-05-01T08:36:00
365,-1.248033,36.897203,-1.207565,36.855029,2023-05-01T00:22:00,2023-05-01T00:48:00
366,-1.287083,36.744593,-1.261891,36.771551,2023-05-01T08:02:00,2023-05-01T08:31:00
367,-1.315126,36.779836,-1.218275,36.787182,2023-05-01T18:15:00,2023-05-01T18:44:00
368,-1.272497,36.720954,-1.33369,36.81831,2023-05-01T10:54:00,2023-05-01T11:03:00
369,-1.216787,36.825157,-1.284781,36.896587,2023-05-01T16:54:00,2023-05-01T17:12:00
370,-1.321108,36.882563,-1.275037,36.817239,2023-05-01T10:29:00,2023-05-01T10:45:00
371,-1.216569,36.864141,-1.26542,36.866798,2023-05-01T13:11:00,2023-05-01T13:29:00
372,-1.253552,36.819954,-1.271869,36.816046,2023-05-01T05:27:00,2023-05-01T05:33:00
373,-1.253537,36.84318,-1.279591,36.729474,2023-05-01T06:19:00,2023-05-01T06:29:00
374,-1.30336,36.834451,-1.213624,36.724149,2023-05-01T20:51:00,2023-05-01T20:56:00
375,-1.33726,36.806701,-1.208545,36.807181,2023-05-01T01:18:00,2023-05-01T01:34:00
376,-1.346685,36.890241,-1.256333,36.789051,2023-05-01T23:35:00,2023-05-01T23:46:00
377,-1.27565,36.860722,-1.319294,36.859875,2023-05-01T11:14:00,2023-05-01T11:30:00
378,-1.345274,36.871973,-1.310203,36.815479,2023-05-01T22:59:00,2023-05-01T23:07:00
379,-1.22683,36.71065,-1.307539,36.812764,2023-05-01T15:46:00,2023-05-01T15:57:00
380,-1.244893,36.729636,-1.257734,36.824483,2023-05-01T21:54:00,2023-05-01T22:06:00
381,-1.250531,36.865871,-1.222784,36.847325,2023-05-01T08:33:00,2023-05-01T08:39:00
382,-1.315245,36.742976,-1.344092,36.846892,2023-05-01T02:58:00,2023-05-01T03:10:00
383,-1.227151,36.897263,-1.220395,36.706598,2023-05-01T08:24:00,2023-05-01T08:33:00
384,-1.283066,36.834726,-1.249188,36.838393,2023-05-01T11:32:00,2023-05-01T11:41:00
385,-1.20695,36.830394,-1.326888,36.793295,2023-05-01T11:46:00,2023-05-01T12:11:00
386,-1.235197,36.850117,-1.31174,36.876585,2023-05-01T17:47:00,2023-05-01T18:11:00
387,-1.209655,36.898641,-1.237521,36.888784,2023-05-01T03:51:00,2023-05-01T04:14:00
388,-1.331998,36.718913,-1.273397,36.737847,2023-05-01T01:51:00,2023-05-01T02:05:00
389,-1.289197,36.892213,-1.269704,36.702111,2023-05-01T14:32:00,2023-05-01T14:40:00
390,-1.208722,36.853561,-1.290464,36.826554,2023-05-01T22:08:00,2023-05-01T22:31:00
391,-1.249576,36.872828,-1.281913,36.733941,2023-05-01T03:22:00,2023-05-01T03:50:00
392,-1.224804,36.833251,-1.243045,36.857545,2023-05-01T01:36:00,2023-05-01T02:05:00
393,-1.266471,36.72446,-1.314477,36.87319,2023-05-01T21:24:00,2023-05-01T21:29:00
394,-1.333503,36.708277,-1.34299,36.718436,2023-05-01T08:17:00,2023-05-01T08:36:00
395,-1.244458,36.858023,-1.329049,36.778552,2023-05-01T07:58:00,2023-05-01T08:24:00
396,-1.299114,36.89737,-1.306711,36.828132,2023-05-01T03:46:00,2023-05-01T04:07:00
397,-1.296033,36.865016,-1.225529,36.876261,2023-05-01T09:05:00,2023-05-01T09:23:00
398,-1.249123,36.7182,-1.216297,36.845258,2023-05-01T13:18:00,2023-05-01T13:42:00
399,-1.263227,36.748665,-1.293385,36.76312,2023-05-01T13:13:00,2023-05-01T13:43:00
400,-1.328789,36.775584,-1.225427,36.726374,2023-05-01T18:07:00,2023-05-01T18:32:00
401,-1.281495,36.806415,-1.299418,36.812687,2023-05-01T09:51:00,2023-05-01T10:14:00
402,-1.304776,36.727026,-1.317807,36.732252,2023-05-01T04:30:00,2023-05-01T04:51:00
403,-1.238087,36.795915,-1.220546,36.724379,2023-05-01T20:34:00,2023-05-01T20:50:00
404,-1.204217,36.809332,-1.335243,36.731947,2023-05-01T05:00:00,2023-05-01T05:17:00
405,-1.333188,36.85075,-1.311245,36.886729,2023-05-01T06:37:00,2023-05-01T06:52:00
406,-1.269099,36.792685,-1.2121,36.725989,2023-05-01T17:08:00,2023-05-01T17:38:00
407,-1.335305,36.838424,-1.278529,36.777023,2023-05-01T21:11:00,2023-05-01T21:26:00
408,-1.33535,36.754433,-1.296861,36.812238,2023-05-01T16:23:00,2023-05-01T16:39:00
409,-1.346477,36.712208,-1.343654,36.767011,2023-05-01T02:43:00,2023-05-01T03:04:00
410,-1.289535,36.823942,-1.25986,36.702203,2023-05-01T04:36:00,2023-05-01T05:02:00
411,-1.230373,36.797211,-1.275504,36.891069,2023-05-01T09:21:00,2023-05-01T09:28:00
412,-1.270494,36.808926,-1.23386,36.890364,2023-05-01T19:02:00,2023-05-01T19:15:00
413,-1.330095,36.815949,-1.309066,36.803294,2023-05-01T19:27:00,2023-05-01T19:44:00
414,-1.310933,36.741883,-1.301391,36.747783,2023-05-01T16:38:00,2023-05-01T17:02:00
415,-1.334304,36.879505,-1.333507,36.843616,2023-05-01T22:59:00,2023-05-01T23:23:00
416,-1.296421,36.858028,-1.268421,36.747445,2023-05-01T14:45:00,2023-05-01T15:00:00
417,-1.286318,36.873434,-1.269498,36.855999,2023-05-01T01:51:00,2023-05-01T02:10:00
418,-1.273072,36.797996,-1.277567,36.72865,2023-05-01T21:10:00,2023-05-01T21:39:00
419,-1.315385,36.853205,-1.336236,36.776299,2023-05-01T16:04:00,2023-05-01T16:31:00
420,-1.273597,36.749119,-1.338908,36.89418,2023-05-01T20:47:00,2023-05-01T21:06:00
421,-1.27319,36.828074,-1.335222,36.794351,2023-05-01T17:30:00,2023-05-01T17:41:00
422,-1.331295,36.70145,-1.259131,36.836874,2023-05-01T05:58:00,2023-05-01T06:19:00
423,-1.219963,36.864055,-1.344913,36.765778,2023-05-01T21:57:00,2023-05-01T22:03:00
424,-1.281789,36.714328,-1.205452,36.733731,2023-05-01T19:25:00,2023-05-01T19:42:00
425,-1.299122,36.872185,-1.306787,36.872021,2023-05-01T18:50:00,2023-05-01T18:58:00
426,-1.248416,36.852653,-1.325513,36.883094,2023-05-01T07:39:00,2023-05-01T07:47:00
427,-1.23615,36.838371,-1.280513,36.892791,2023-05-01T22:07:00,2023-05-01T22:32:00
428,-1.204843,36.817936,-1.297332,36.76068,2023-05-01T10:48:00,2023-05-01T11:02:00
429,-1.249561,36.841435,-1.200754,36.715136,2023-05-01T13:58:00,2023-05-01T14:04:00
430,-1.234939,36.860158,-1.305443,36.79498,2023-05-01T17:14:00,2023-05-01T17:20:00
431,-1.268705,36.784421,-1.253819,36.809587,2023-05-01T17:29:00,2023-05-01T17:57:00
432,-1.206857,36.873231,-1.289254,36.782755,2023-05-01T19:02:00,2023-05-01T19:23:00
433,-1.28239,36.781532,-1.263365,36.701497,2023-05-01T02:04:00,2023-05-01T02:34:00
434,-1.274215,36.833619,-1.283838,36.892403,2023-05-01T03:54:00,2023-05-01T04:08:00
435,-1.241866,36.77846,-1.28636,36.777336,2023-05-01T17:10:00,2023-05-01T17:23:00
436,-1.277305,36.754759,-1.277206,36.75802,2023-05-01T19:26:00,2023-05-01T19:42:00
437,-1.282822,36.793551,-1.336051,36.827566,2023-05-01T06:41:00,2023-05-01T07:04:00
438,-1.345749,36.71173,-1.334242,36.826562,2023-05-01T10:09:00,2023-05-01T10:21:00
439,-1.210589,36.866007,-1.303422,36.728397,2023-05-01T08:45:00,2023-05-01T09:10:00
440,-1.286842,36.80514,-1.289966,36.833914,2023-05-01T11:01:00,2023-05-01T11:06:00
441,-1.317451,36.75625,-1.234582,36.710172,2023-05-01T15:42:00,2023-05-01T16:09:00
442,-1.231919,36.720805,-1.227754,36.756124,2023-05-01T10:34:00,2023-05-01T10:58:00
443,-1.293818,36.781146,-1.216069,36.810613,2023-05-01T00:11:00,2023-05-01T00:23:00
444,-1.202624,36.739451,-1.294195,36.798195,2023-05-01T19:23:00,2023-05-01T19:29:00
445,-1.234481,36.836215,-1.251024,36.885488,2023-05-01T02:31:00,2023-05-01T02:59:00
446,-1.299133,36.765573,-1.303132,36.778131,2023-05-01T11:32:00,2023-05-01T11:53:00
447,-1.252884,36.804192,-1.300352,36.787074,2023-05-01T05:53:00,2023-05-01T06:17:00
448,-1.273952,36.737694,-1.299273,36.825412,2023-05-01T06:33:00,2023-05-01T06:58:00
449,-1.324405,36.847711,-1.260525,36.807853,2023-05-01T23:57:00,2023-05-02T00:14:00
450,-1.292452,36.823159,-1.258039,36.702497,2023-05-01T09:42:00,2023-05-01T10:07:00
451,-1.278918,36.764381,-1.330521,36.719981,2023-05-01T11:57:00,2023-05-01T12:14:00
452,-1.245804,36.884332,-1.236986,36.745398,2023-05-01T17:31:00,2023-05-01T17:40:00
453,-1.215909,36.873664,-1.340501,36.859231,2023-05-01T23:20:00,2023-05-01T23:34:00
454,-1.240323,36.708903,-1.233049,36.754114,2023-05-01T12:53:00,2023-05-01T13:07:00
455,-1.212025,36.866777,-1.316839,36.791395,2023-05-01T11:26:00,2023-05-01T11:46:00
456,-1.305345,36.798838,-1.287735,36.841068,2023-05-01T04:41:00,2023-05-01T05:05:00
457,-1.317151,36.764119,-1.273574,36.87219,2023-05-01T01:11:00,2023-05-01T01:20:00
458,-1.242918,36.70328,-1.343829,36.74394,2023-05-01T04:35:00,2023-05-01T05:05:00
459,-1.292666,36.817067,-1.296307,36.800976,2023-05-01T05:15:00,2023-05-01T05:24:00
460,-1.272114,36.863703,-1.31635,36.806792,2023-05-01T01:55:00,2023-05-01T02:15:00
461,-1.256464,36.885825,-1.335794,36.775916,2023-05-01T20:21:00,2023-05-01T20:38:00
462,-1.216946,36.760466,-1.347969,36.735195,2023-05-01T14:34:00,2023-05-01T14:58:00
463,-1.275425,36.832233,-1.268724,36.790242,2023-05-01T12:25:00,2023-05-01T12:55:00
464,-1.222788,36.779456,-1.251444,36.72177,2023-05-01T19:40:00,2023-05-01T19:50:00
465,-1.20955,36.841166,-1.300279,36.741805,2023-05-01T06:14:00,2023-05-01T06:19:00
466,-1.220399,36.89872,-1.218231,36.790021,2023-05-01T17:17:00,2023-05-01T17:43:00
467,-1.233788,36.882463,-1.293353,36.846193,2023-05-01T11:25:00,2023-05-01T11:43:00
468,-1.322636,36.716204,-1.258467,36.718387,2023-05-01T19:05:00,2023-05-01T19:18:00
469,-1.200044,36.730808,-1.315345,36.864823,2023-05-01T14:24:00,2023-05-01T14:49:00
470,-1.224947,36.838022,-1.331168,36.702908,2023-05-01T17:48:00,2023-05-01T18:08:00
471,-1.246155,36.839508,-1.210367,36.752145,2023-05-01T19:37:00,2023-05-01T19:56:00
472,-1.212275,36.762412,-1.207582,36.79482,2023-05-01T18:42:00,2023-05-01T18:59:00
473,-1.289294,36.810112,-1.310894,36.789917,2023-05-01T23:45:00,2023-05-01T23:55:00
474,-1.277348,36.743621,-1.210155,36.789697,2023-05-01T17:48:00,2023-05-01T18:15:00
475,-1.348443,36.818899,-1.257376,36.707039,2023-05-01T02:20:00,2023-05-01T02:37:00
476,-1.207482,36.774794,-1.295152,36.751461,2023-05-01T01:07:00,2023-05-01T01:27:00
477,-1.3125,36.854614,-1.252103,36.870653,2023-05-01T05:26:00,2023-05-01T05:53:00
478,-1.271435,36.765789,-1.262169,36.723633,2023-05-01T01:10:00,2023-05-01T01:28:00
479,-1.282371,36.800548,-1.347727,36.833883,2023-05-01T16:15:00,2023-05-01T16:36:00
480,-1.31788,36.795116,-1.347121,36.847888,2023-05-01T19:39:00,2023-05-01T20:08:00
481,-1.269993,36.864544,-1.261008,36.859781,2023-05-01T11:50:00,2023-05-01T12:07:00
482,-1.303268,36.781355,-1.269685,36.852788,2023-05-01T10:43:00,2023-05-01T10:49:00
483,-1.242731,36.725987,-1.276399,36.823294,2023-05-01T23:35:00,2023-05-01T23:49:00
484,-1.320781,36.705137,-1.303365,36.79751,2023-05-01T02:45:00,2023-05-01T02:53:00
485,-1.284759,36.798141,-1.203008,36.818737,2023-05-01T22:20:00,2023-05-01T22:35:00
486,-1.21537,36.709645,-1.203368,36.823561,2023-05-01T12:23:00,2023-05-01T12:45:00
487,-1.254966,36.889086,-1.34328,36.740221,2023-05-01T12:11:00,2023-05-01T12:37:00
488,-1.249194,36.848086,-1.252381,36.748925,2023-05-01T09:06:00,2023-05-01T09:17:00
489,-1.329809,36.897422,-1.294124,36.891265,2023-05-01T23:51:00,2023-05-02T00:13:00
490,-1.341154,36.773723,-1.281527,36.755294,2023-05-01T14:58:00,2023-05-01T15:21:00
491,-1.255146,36.885831,-1.212287,36.706895,2023-05-01T18:43:00,2023-05-01T18:55:00
492,-1.337415,36.86265,-1.267538,36.733689,2023-05-01T12:26:00,2023-05-01T12:38:00
493,-1.245059,36.727258,-1.212853,36.870495,2023-05-01T00:44:00,2023-05-01T01:04:00
494,-1.225868,36.71639,-1.309918,36.707941,2023-05-01T12:39:00,2023-05-01T12:48:00
495,-1.340558,36.761135,-1.326195,36.87549,2023-05-01T08:00:00,2023-05-01T08:29:00
496,-1.222779,36.786957,-1.221883,36.784475,2023-05-01T20:53:00,2023-05-01T21:05:00
497,-1.310114,36.787974,-1.250259,36.890624,2023-05-01T17:14:00,2023-05-01T17:38:00
498,-1.303376,36.784255,-1.306592,36.871178,2023-05-01T06:50:00,2023-05-01T07:19:00
499,-1.211566,36.818564,-1.254712,36.898063,2023-05-01T19:21:00,2023-05-01T19:51:00
500,-1.270083,36.757086,-1.281454,36.761417,2023-05-01T09:27:00,2023-05-01T09:41:00
501,-1.253698,36.786831,-1.264359,36.849335,2023-05-01T06:31:00,2023-05-01T06:43:00
502,-1.215459,36.712944,-1.262285,36.828519,2023-05-01T07:27:00,2023-05-01T07:56:00
503,-1.337204,36.844802,-1.272047,36.836262,2023-05-01T06:24:00,2023-05-01T06:35:00
504,-1.20393,36.781078,-1.26083,36.702512,2023-05-01T11:23:00,2023-05-01T11:28:00
505,-1.331504,36.865028,-1.282065,36.75185,2023-05-01T01:48:00,2023-05-01T01:57:00
506,-1.327045,36.822957,-1.222031,36.803192,2023-05-01T07:39:00,2023-05-01T07:50:00
507,-1.324857,36.8168,-1.209109,36.765235,2023-05-01T00:54:00,2023-05-01T01:07:00
508,-1.234514,36.727984,-1.291078,36.72036,2023-05-01T12:48:00,2023-05-01T13:05:00
509,-1.219153,36.882817,-1.262362,36.761142,2023-05-01T02:07:00,2023-05-01T02:13:00
510,-1.337413,36.888156,-1.301197,36.890357,2023-05-01T00:26:00,2023-05-01T00:42:00
511,-1.231365,36.816997,-1.203573,36.813318,2023-05-01T15:09:00,2023-05-01T15:22:00
512,-1.239837,36.884781,-1.211732,36.86552,2023-05-01T12:43:00,2023-05-01T12:59:00
513,-1.327778,36.862613,-1.245601,36.879875,2023-05-01T23:42:00,2023-05-01T23:48:00
514,-1.313485,36.865784,-1.310963,36.897788,2023-05-01T15:23:00,2023-05-01T15:38:00
515,-1.33772,36.86157,-1.291189,36.840383,2023-05-01T08:22:00,2023-05-01T08:32:00
516,-1.345359,36.890319,-1.250645,36.873144,2023-05-01T21:03:00,2023-05-01T21:12:00
517,-1.348711,36.799971,-1.319805,36.857503,2023-05-01T06:25:00,2023-05-01T06:55:00
518,-1.223401,36.740056,-1.210536,36.771241,2023-05-01T21:04:00,2023-05-01T21:17:00
519,-1.34408,36.818694,-1.299408,36.782822,2023-05-01T12:12:00,2023-05-01T12:28:00
520,-1.273271,36.739363,-1.290723,36.818452,2023-05-01T00:25:00,2023-05-01T00:45:00
521,-1.305516,36.883912,-1.331777,36.764174,2023-05-01T03:12:00,2023-05-01T03:30:00
522,-1.284294,36.720382,-1.255522,36.805202,2023-05-01T19:18:00,2023-05-01T19:45:00
523,-1.243647,36.709475,-1.339935,36.818434,2023-05-01T03:22:00,2023-05-01T03:38:00
524,-1.289878,36.729494,-1.317927,36.724021,2023-05-01T22:49:00,2023-05-01T23:16:00
525,-1.284548,36.751025,-1.213917,36.878552,2023-05-01T20:17:00,2023-05-01T20:45:00
526,-1.336953,36.821191,-1.266512,36.894882,2023-05-01T16:22:00,2023-05-01T16:43:00
527,-1.222223,36.862618,-1.204895,36.869217,2023-05-01T15:39:00,2023-05-01T15:46:00
528,-1.222058,36.765779,-1.306462,36.84341,2023-05-01T07:52:00,2023-05-01T08:06:00
529,-1.242074,36.766351,-1.312497,36.731103,2023-05-01T06:45:00,2023-05-01T06:58:00
530,-1.247961,36.766341,-1.274214,36.740638,2023-05-01T05:46:00,2023-05-01T05:54:00
531,-1.310887,36.82808,-1.33476,36.847793,2023-05-01T11:29:00,2023-05-01T11:53:00
532,-1.348797,36.882484,-1.323046,36.875167,2023-05-01T20:59:00,2023-05-01T21:16:00
533,-1.236396,36.700328,-1.258665,36.722253,2023-05-01T21:03:00,2023-05-01T21:18:00
534,-1.246149,36.842431,-1.343145,36.86343,2023-05-01T20:21:00,2023-05-01T20:45:00
535,-1.201814,36.839086,-1.319348,36.857071,2023-05-01T18:47:00,2023-05-01T18:57:00
536,-1.278042,36.714067,-1.349419,36.80753,2023-05-01T22:45:00,2023-05-01T22:53:00
537,-1.327822,36.82569,-1.292238,36.716559,2023-05-01T15:47:00,2023-05-01T16:07:00
538,-1.230144,36.733369,-1.255295,36.857183,2023-05-01T23:18:00,2023-05-01T23:35:00
539,-1.281508,36.758913,-1.336447,36.758007,2023-05-01T00:00:00,2023-05-01T00:22:00
540,-1.201286,36.868781,-1.237173,36.701181,2023-05-01T18:27:00,2023-05-01T18:43:00
541,-1.267362,36.780998,-1.238564,36.864595,2023-05-01T00:39:00,2023-05-01T00:55:00
542,-1.236188,36.772187,-1.21612,36.715109,2023-05-01T14:33:00,2023-05-01T14:44:00
543,-1.225198,36.752539,-1.335635,36.851588,2023-05-01T03:51:00,2023-05-01T04:14:00
544,-1.27436,36.818882,-1.237256,36.851494,2023-05-01T15:44:00,2023-05-01T15:49:00
545,-1.236496,36.872634,-1.254708,36.725734,2023-05-01T18:20:00,2023-05-01T18:49:00
546,-1.325991,36.865873,-1.208498,36.720596,2023-05-01T00:20:00,2023-05-01T00:41:00
547,-1.303591,36.817398,-1.314443,36.820532,2023-05-01T09:36:00,2023-05-01T09:56:00
548,-1.215644,36.755043,-1.217303,36.702795,2023-05-01T11:43:00,2023-05-01T11:57:00
549,-1.241836,36.720053,-1.206322,36.865518,2023-05-01T18:58:00,2023-05-01T19:17:00
550,-1.348826,36.707558,-1.254606,36.823579,2023-05-01T04:56:00,2023-05-01T05:25:00
551,-1.23833,36.759464,-1.303122,36.886942,2023-05-01T06:21:00,2023-05-01T06:49:00
552,-1.342822,36.890991,-1.222275,36.81416,2023-05-01T16:00:00,2023-05-01T16:27:00
553,-1.254387,36.795839,-1.264451,36.812404,2023-05-01T08:50:00,2023-05-01T08:56:00
554,-1.231849,36.749773,-1.246354,36.766349,2023-05-01T07:10:00,2023-05-01T07:39:00
555,-1.315531,36.811469,-1.301035,36.759718,2023-05-01T15:19:00,2023-05-01T15:33:00
556,-1.237727,36.815355,-1.239596,36.892155,2023-05-01T18:39:00,2023-05-01T19:07:00
557,-1.202833,36.722134,-1.315027,36.850061,2023-05-01T19:46:00,2023-05-01T20:02:00
558,-1.278837,36.802051,-1.304548,36.798551,2023-05-01T07:10:00,2023-05-01T07:33:00
559,-1.336267,36.874177,-1.339518,36.873484,2023-05-01T01:41:00,2023-05-01T02:02:00
560,-1.264308,36.717504,-1.326342,36.753859,2023-05-01T14:58:00,2023-05-01T15:06:00
561,-1.217789,36.774381,-1.282422,36.755344,2023-05-01T00:57:00,2023-05-01T01:10:00
562,-1.301785,36.812978,-1.34925,36.762917,2023-05-01T11:32:00,2023-05-01T11:56:00
563,-1.335601,36.798856,-1.310891,36.771145,2023-05-01T07:45:00,2023-05-01T08:15:00
564,-1.297721,36.768218,-1.306114,36.789297,2023-05-01T19:32:00,2023-05-01T19:58:00
565,-1.265854,36.826227,-1.301198,36.791359,2023-05-01T09:46:00,2023-05-01T10:05:00
566,-1.338486,36.700957,-1.294639,36.761442,2023-05-01T12:59:00,2023-05-01T13:25:00
567,-1.311886,36.725855,-1.31678,36.798278,2023-05-01T14:07:00,2023-05-01T14:29:00
568,-1.334878,36.735157,-1.328933,36.881243,2023-05-01T02:06:00,2023-05-01T02:24:00
569,-1.267385,36.742746,-1.278881,36.837337,2023-05-01T08:16:00,2023-05-01T08:21:00
570,-1.20865,36.855997,-1.286054,36.749717,2023-05-01T15:48:00,2023-05-01T16:07:00
571,-1.29544,36.780661,-1.341982,36.721817,2023-05-01T14:53:00,2023-05-01T15:20:00
572,-1.239193,36.816345,-1.252505,36.720303,2023-05-01T13:34:00,2023-05-01T13:48:00
573,-1.206638,36.761542,-1.268328,36.867156,2023-05-01T13:35:00,2023-05-01T14:00:00
574,-1.327211,36.761158,-1.224488,36.770166,2023-05-01T18:41:00,2023-05-01T18:49:00
575,-1.328032,36.782014,-1.231079,36.750005,2023-05-01T18:24:00,2023-05-01T18:36:00
576,-1.34588,36.726662,-1.320132,36.844047,2023-05-01T11:12:00,2023-05-01T11:42:00
577,-1.276524,36.797295,-1.221324,36.714588,2023-05-01T18:37:00,2023-05-01T19:07:00
578,-1.253307,36.755637,-1.251194,36.842705,2023-05-01T18:49:00,2023-05-01T19:05:00
579,-1.258302,36.829358,-1.286224,36.803074,2023-05-01T20:11:00,2023-05-01T20:39:00
580,-1.338943,36.803673,-1.27385,36.884543,2023-05-01T08:32:00,2023-05-01T08:42:00
581,-1.277172,36.853462,-1.237807,36.727406,2023-05-01T04:28:00,2023-05-01T04:48:00
582,-1.243181,36.814485,-1.234802,36.716684,2023-05-01T01:27:00,2023-05-01T01:49:00
583,-1.273584,36.72506,-1.244109,36.763185,2023-05-01T16:53:00,2023-05-01T17:07:00
584,-1.252545,36.801599,-1.212702,36.874577,2023-05-01T17:20:00,2023-05-01T17:49:00
585,-1.2421,36.824601,-1.335062,36.885834,2023-05-01T06:20:00,2023-05-01T06:25:00
586,-1.331438,36.808929,-1.221955,36.879166,2023-05-01T13:57:00,2023-05-01T14:21:00
587,-1.239672,36.744786,-1.228548,36.764359,2023-05-01T19:08:00,2023-05-01T19:21:00
588,-1.215566,36.859826,-1.30536,36.734841,2023-05-01T11:10:00,2023-05-01T11:16:00
589,-1.224361,36.750128,-1.299017,36.847588,2023-05-01T06:06:00,2023-05-01T06:17:00
590,-1.310554,36.826589,-1.261175,36.720361,2023-05-01T13:29:00,2023-05-01T13:44:00
591,-1.310207,36.76457,-1.289588,36.734238,2023-05-01T07:41:00,2023-05-01T08:01:00
592,-1.228369,36.898277,-1.265045,36.700309,2023-05-01T12:29:00,2023-05-01T12:55:00
593,-1.228571,36.871373,-1.308083,36.814054,2023-05-01T07:10:00,2023-05-01T07:27:00
594,-1.23827,36.778603,-1.240909,36.892789,2023-05-01T09:36:00,2023-05-01T09:46:00
595,-1.294379,36.828025,-1.228907,36.868028,2023-05-01T16:44:00,2023-05-01T17:01:00
596,-1.276912,36.889572,-1.269073,36.85761,2023-05-01T15:40:00,2023-05-01T16:01:00
597,-1.328596,36.862871,-1.285808,36.725439,2023-05-01T23:18:00,2023-05-01T23:33:00
598,-1.208529,36.814692,-1.292987,36.887293,2023-05-01T20:30:00,2023-05-01T20:36:00
599,-1.232754,36.881715,-1.216477,36.819211,2023-05-01T16:32:00,2023-05-01T16:46:00
600,-1.326588,36.773866,-1.27128,36.791145,2023-05-01T15:42:00,2023-05-01T16:03:00
601,-1.321686,36.811953,-1.300705,36.767425,2023-05-01T17:33:00,2023-05-01T17:55:00
602,-1.267318,36.740715,-1.241486,36.838321,2023-05-01T15:24:00,2023-05-01T15:34:00
603,-1.202218,36.886683,-1.305563,36.81152,2023-05-01T20:50:00,2023-05-01T21:08:00
604,-1.245454,36.718336,-1.324385,36.869241,2023-05-01T21:07:00,2023-05-01T21:12:00
605,-1.298226,36.894036,-1.335431,36.877836,2023-05-01T03:06:00,2023-05-01T03:16:00
606,-1.312927,36.714651,-1.333894,36.871494,2023-05-01T07:41:00,2023-05-01T07:49:00
607,-1.207401,36.741073,-1.347757,36.893328,2023-05-01T19:06:00,2023-05-01T19:32:00
608,-1.249335,36.786396,-1.237227,36.710462,2023-05-01T03:22:00,2023-05-01T03:37:00
609,-1.236119,36.894691,-1.244197,36.817696,2023-05-01T20:10:00,2023-05-01T20:28:00
610,-1.221989,36.818105,-1.265519,36.73025,2023-05-01T03:48:00,2023-05-01T03:54:00
611,-1.262961,36.882755,-1.266412,36.894187,2023-05-01T23:31:00,2023-05-01T23:36:00
612,-1.290052,36.814711,-1.210115,36.718591,2023-05-01T00:52:00,2023-05-01T00:57:00
613,-1.259227,36.777646,-1.261399,36.775447,2023-05-01T21:29:00,2023-05-01T21:37:00
614,-1.30388,36.739301,-1.283281,36.896515,2023-05-01T18:07:00,2023-05-01T18:16:00
615,-1.218593,36.791933,-1.257062,36.771453,2023-05-01T05:17:00,2023-05-01T05:28:00
616,-1.349396,36.773949,-1.222154,36.786939,2023-05-01T05:24:00,2023-05-01T05:48:00
617,-1.217224,36.725125,-1.238343,36.727814,2023-05-01T22:16:00,2023-05-01T22:23:00
618,-1.311371,36.883386,-1.243273,36.756592,2023-05-01T21:08:00,2023-05-01T21:21:00
619,-1.327552,36.782804,-1.218818,36.755864,2023-05-01T23:01:00,2023-05-01T23:12:00
620,-1.238804,36.896653,-1.218107,36.785329,2023-05-01T13:15:00,2023-05-01T13:21:00
621,-1.349723,36.724525,-1.281598,36.827452,2023-05-01T19:42:00,2023-05-01T20:03:00
622,-1.323808,36.713374,-1.254624,36.728295,2023-05-01T02:22:00,2023-05-01T02:46:00
623,-1.22158,36.70817,-1.282482,36.761257,2023-05-01T20:11:00,2023-05-01T20:39:00
624,-1.252889,36.777121,-1.216085,36.886107,2023-05-01T20:24:00,2023-05-01T20:48:00
625,-1.223826,36.803812,-1.287335,36.800702,2023-05-01T21:25:00,2023-05-01T21:49:00
626,-1.20958,36.83369,-1.265634,36.883835,2023-05-01T17:21:00,2023-05-01T17:42:00
627,-1.224589,36.859612,-1.295436,36.764946,2023-05-01T07:48:00,2023-05-01T08:11:00
628,-1.298886,36.846164,-1.288596,36.832992,2023-05-01T15:16:00,2023-05-01T15:29:00
629,-1.201993,36.894803,-1.249124,36.800736,2023-05-01T11:33:00,2023-05-01T11:42:00
630,-1.316505,36.831282,-1.308428,36.841053,2023-05-01T14:45:00,2023-05-01T14:54:00
631,-1.265327,36.740367,-1.339959,36.771993,2023-05-01T16:38:00,2023-05-01T16:55:00
632,-1.254716,36.8808,-1.28466,36.870746,2023-05-01T06:54:00,2023-05-01T07:15:00
633,-1.235491,36.792409,-1.265629,36.833447,2023-05-01T07:19:00,2023-05-01T07:39:00
634,-1.317862,36.767318,-1.261028,36.89109,2023-05-01T17:43:00,2023-05-01T18:13:00
635,-1.298116,36.824509,-1.277634,36.837883,2023-05-01T11:25:00,2023-05-01T11:34:00
636,-1.264549,36.737275,-1.219431,36.742954,2023-05-01T17:58:00,2023-05-01T18:07:00
637,-1.233566,36.828316,-1.239918,36.778379,2023-05-01T22:42:00,2023-05-01T22:59:00
638,-1.210906,36.827329,-1.221698,36.717075,2023-05-01T03:07:00,2023-05-01T03:26:00
639,-1.227185,36.741781,-1.303927,36.712514,2023-05-01T19:27:00,2023-05-01T19:35:00
640,-1.315858,36.873492,-1.327406,36.718152,2023-05-01T13:42:00,2023-05-01T14:04:00
641,-1.341377,36.73812,-1.236191,36.791384,2023-05-01T00:16:00,2023-05-01T00:41:00
642,-1.280905,36.826997,-1.221561,36.79176,2023-05-01T03:33:00,2023-05-01T03:43:00
643,-1.315785,36.836568,-1.258319,36.769985,2023-05-01T06:39:00,2023-05-01T06:54:00
644,-1.291139,36.873253,-1.208804,36.8918,2023-05-01T07:20:00,2023-05-01T07:42:00
645,-1.325607,36.703444,-1.297306,36.774827,2023-05-01T08:04:00,2023-05-01T08:28:00
646,-1.347742,36.713633,-1.279636,36.783941,2023-05-01T22:07:00,2023-05-01T22:31:00
647,-1.254684,36.792681,-1.293191,36.72329,2023-05-01T16:17:00,2023-05-01T16:30:00
648,-1.206159,36.734086,-1.276424,36.800247,2023-05-01T15:26:00,2023-05-01T15:32:00
649,-1.345443,36.839406,-1.229479,36.777352,2023-05-01T06:02:00,2023-05-01T06:10:00
650,-1.335183,36.834629,-1.307371,36.837074,2023-05-01T06:04:00,2023-05-01T06:31:00
651,-1.256978,36.855035,-1.290727,36.72419,2023-05-01T23:46:00,2023-05-01T23:55:00
652,-1.267861,36.801437,-1.268868,36.726324,2023-05-01T19:11:00,2023-05-01T19:23:00
653,-1.216602,36.873587,-1.349147,36.804702,2023-05-01T14:34:00,2023-05-01T14:46:00
654,-1.263661,36.84011,-1.209384,36.85686,2023-05-01T03:05:00,2023-05-01T03:26:00
655,-1.204727,36.769268,-1.288067,36.86368,2023-05-01T16:57:00,2023-05-01T17:07:00
656,-1.302926,36.716564,-1.257397,36.782544,2023-05-01T05:01:00,2023-05-01T05:16:00
657,-1.324188,36.85488,-1.300856,36.705584,2023-05-01T23:45:00,2023-05-01T23:51:00
658,-1.340307,36.842562,-1.348526,36.745446,2023-05-01T16:34:00,2023-05-01T16:58:00
659,-1.298629,36.850881,-1.315054,36.715968,2023-05-01T23:00:00,2023-05-01T23:25:00
660,-1.219124,36.71765,-1.227965,36.862467,2023-05-01T18:26:00,2023-05-01T18:40:00
661,-1.266579,36.710507,-1.322691,36.832088,2023-05-01T02:24:00,2023-05-01T02:43:00
662,-1.253922,36.760434,-1.341798,36.818721,2023-05-01T02:02:00,2023-05-01T02:10:00
663,-1.223512,36.706303,-1.202486,36.851364,2023-05-01T03:24:00,2023-05-01T03:32:00
664,-1.297554,36.832528,-1.218308,36.859093,2023-05-01T03:28:00,2023-05-01T03:54:00
665,-1.309475,36.755698,-1.294784,36.850602,2023-05-01T10:02:00,2023-05-01T10:25:00
666,-1.224965,36.82435,-1.319759,36.845784,2023-05-01T04:57:00,2023-05-01T05:08:00
667,-1.289494,36.889945,-1.221301,36.85805,2023-05-01T11:45:00,2023-05-01T11:52:00
668,-1.304304,36.799905,-1.343698,36.777436,2023-05-01T06:58:00,2023-05-01T07:10:00
669,-1.266389,36.895151,-1.326465,36.739486,2023-05-01T00:17:00,2023-05-01T00:28:00
670,-1.227618,36.73838,-1.270605,36.868823,2023-05-01T21:48:00,2023-05-01T21:57:00
671,-1.32481,36.80195,-1.216391,36.837435,2023-05-01T19:14:00,2023-05-01T19:43:00
672,-1.314214,36.723907,-1.253693,36.810698,2023-05-01T04:00:00,2023-05-01T04:05:00
673,-1.221085,36.807824,-1.232106,36.864664,2023-05-01T00:12:00,2023-05-01T00:33:00
674,-1.228969,36.851212,-1.310695,36.820911,2023-05-01T17:00:00,2023-05-01T17:12:00
675,-1.233812,36.709218,-1.209923,36.702205,2023-05-01T23:16:00,2023-05-01T23:37:00
676,-1.206971,36.832411,-1.277126,36.850486,2023-05-01T08:58:00,2023-05-01T09:27:00
677,-1.268087,36.728935,-1.220459,36.865676,2023-05-01T09:16:00,2023-05-01T09:46:00
678,-1.227023,36.886738,-1.343325,36.795327,2023-05-01T16:36:00,2023-05-01T16:48:00
679,-1.297478,36.728789,-1.347072,36.784059,2023-05-01T19:36:00,2023-05-01T19:55:00
680,-1.286129,36.886335,-1.342882,36.888876,2023-05-01T11:56:00,2023-05-01T12:19:00
681,-1.304936,36.706359,-1.227272,36.809017,2023-05-01T10:59:00,2023-05-01T11:17:00
682,-1.302006,36.896066,-1.266177,36.722668,2023-05-01T08:58:00,2023-05-01T09:23:00
683,-1.20183,36.887331,-1.306449,36.744698,2023-05-01T04:44:00,2023-05-01T05:09:00
684,-1.241366,36.82227,-1.280696,36.78396,2023-05-01T07:09:00,2023-05-01T07:33:00
685,-1.272711,36.851306,-1.211996,36.750529,2023-05-01T10:58:00,2023-05-01T11:03:00
686,-1.235733,36.736851,-1.300836,36.80848,2023-05-01T10:24:00,2023-05-01T10:33:00
687,-1.201547,36.86997,-1.219199,36.771185,2023-05-01T18:42:00,2023-05-01T18:54:00
688,-1.329487,36.794233,-1.341331,36.830218,2023-05-01T11:17:00,2023-05-01T11:45:00
689,-1.329428,36.846038,-1.200748,36.700108,2023-05-01T01:11:00,2023-05-01T01:30:00
690,-1.300455,36.867678,-1.330396,36.867179,2023-05-01T03:56:00,2023-05-01T04:01:00
691,-1.252371,36.740554,-1.236994,36.894931,2023-05-01T08:57:00,2023-05-01T09:06:00
692,-1.270708,36.848479,-1.241373,36.822702,2023-05-01T02:25:00,2023-05-01T02:31:00
693,-1.327049,36.887659,-1.308697,36.885445,2023-05-01T02:35:00,2023-05-01T03:05:00
694,-1.23325,36.793541,-1.285332,36.889024,2023-05-01T06:11:00,2023-05-01T06:19:00
695,-1.261001,36.711997,-1.214745,36.712931,2023-05-01T12:01:00,2023-05-01T12:24:00
696,-1.266268,36.864468,-1.243099,36.893118,2023-05-01T19:40:00,2023-05-01T20:09:00
697,-1.226673,36.710368,-1.244839,36.882209,2023-05-01T19:21:00,2023-05-01T19:43:00
698,-1.329185,36.838031,-1.234154,36.721661,2023-05-01T09:38:00,2023-05-01T09:45:00
699,-1.298298,36.801662,-1.253015,36.852028,2023-05-01T22:29:00,2023-05-01T22:41:00
700,-1.348297,36.838962,-1.313978,36.700884,2023-05-01T10:27:00,2023-05-01T10:36:00
701,-1.237051,36.860893,-1.328801,36.733079,2023-05-01T19:17:00,2023-05-01T19:36:00
702,-1.217951,36.84642,-1.225381,36.770734,2023-05-01T15:03:00,2023-05-01T15:10:00
703,-1.294645,36.723305,-1.264889,36.763511,2023-05-01T08:46:00,2023-05-01T09:15:00
704,-1.270689,36.873075,-1.315969,36.863461,2023-05-01T07:31:00,2023-05-01T08:01:00
705,-1.318005,36.716132,-1.266962,36.703128,2023-05-01T17:59:00,2023-05-01T18:29:00
706,-1.31946,36.880555,-1.333486,36.71352,2023-05-01T06:46:00,2023-05-01T06:56:00
707,-1.234259,36.899072,-1.26003,36.896566,2023-05-01T14:31:00,2023-05-01T14:59:00
708,-1.222307,36.870083,-1.236822,36.731378,2023-05-01T03:51:00,2023-05-01T04:13:00
709,-1.256928,36.795277,-1.265015,36.801333,2023-05-01T20:28:00,2023-05-01T20:37:00
710,-1.312038,36.80781,-1.299132,36.762579,2023-05-01T02:33:00,2023-05-01T02:53:00
711,-1.250929,36.721292,-1.291713,36.757709,2023-05-01T06:29:00,2023-05-01T06:47:00
712,-1.243071,36.762396,-1.237622,36.703349,2023-05-01T05:30:00,2023-05-01T05:56:00
713,-1.300885,36.783033,-1.228234,36.73089,2023-05-01T04:16:00,2023-05-01T04:34:00
714,-1.321341,36.709155,-1.257632,36.856248,2023-05-01T16:05:00,2023-05-01T16:17:00
715,-1.261402,36.856775,-1.333624,36.873009,2023-05-01T20:48:00,2023-05-01T20:54:00
716,-1.223045,36.708579,-1.283316,36.875133,2023-05-01T11:03:00,2023-05-01T11:16:00
717,-1.246405,36.837198,-1.304978,36.891625,2023-05-01T16:07:00,2023-05-01T16:17:00
718,-1.293214,36.787727,-1.302976,36.774473,2023-05-01T03:01:00,2023-05-01T03:18:00
719,-1.349508,36.805696,-1.292477,36.89708,2023-05-01T03:06:00,2023-05-01T03:20:00
720,-1.291248,36.890961,-1.310521,36.831694,2023-05-01T20:40:00,2023-05-01T20:52:00
721,-1.304651,36.786788,-1.281035,36.737534,2023-05-01T04:25:00,2023-05-01T04:45:00
722,-1.311527,36.802345,-1.341632,36.769125,2023-05-01T01:48:00,2023-05-01T02:02:00
723,-1.24287,36.894384,-1.246323,36.804829,2023-05-01T06:00:00,2023-05-01T06:12:00
724,-1.32357,36.778812,-1.245565,36.737189,2023-05-01T01:43:00,2023-05-01T01:54:00
725,-1.210594,36.719967,-1.231853,36.716125,2023-05-01T13:54:00,2023-05-01T14:00:00
726,-1.332785,36.768588,-1.233945,36.871835,2023-05-01T07:40:00,2023-05-01T07:48:00
727,-1.2039,36.841178,-1.301486,36.876698,2023-05-01T02:34:00,2023-05-01T03:00:00
728,-1.264852,36.889862,-1.317067,36.756678,2023-05-01T04:48:00,2023-05-01T05:04:00
729,-1.291466,36.820431,-1.27194,36.826657,2023-05-01T07:56:00,2023-05-01T08:04:00
730,-1.304818,36.877354,-1.318871,36.758876,2023-05-01T06:45:00,2023-05-01T07:15:00
731,-1.331359,36.883847,-1.305068,36.867325,2023-05-01T01:02:00,2023-05-01T01:27:00
732,-1.283498,36.721121,-1.342417,36.798181,2023-05-01T05:57:00,2023-05-01T06:22:00
733,-1.305436,36.869386,-1.203578,36.877957,2023-05-01T09:14:00,2023-05-01T09:32:00
734,-1.208084,36.795469,-1.254455,36.75407,2023-05-01T12:13:00,2023-05-01T12:41:00
735,-1.340219,36.889468,-1.251264,36.801466,2023-05-01T06:19:00,2023-05-01T06:30:00
736,-1.213735,36.761453,-1.31349,36.794621,2023-05-01T13:31:00,2023-05-01T13:53:00
737,-1.309607,36.843029,-1.290323,36.741176,2023-05-01T00:29:00,2023-05-01T00:41:00
738,-1.224202,36.709795,-1.286119,36.714331,2023-05-01T08:58:00,2023-05-01T09:26:00
739,-1.277879,36.794846,-1.314081,36.838746,2023-05-01T09:10:00,2023-05-01T09:26:00
740,-1.341479,36.85286,-1.343145,36.711462,2023-05-01T09:51:00,2023-05-01T09:59:00
741,-1.218645,36.893275,-1.310205,36.725701,2023-05-01T23:31:00,2023-05-01T23:57:00
742,-1.260608,36.743468,-1.216098,36.831271,2023-05-01T10:36:00,2023-05-01T10:44:00
743,-1.271509,36.808934,-1.218469,36.835969,2023-05-01T09:28:00,2023-05-01T09:42:00
744,-1.291001,36.854197,-1.234807,36.813398,2023-05-01T12:33:00,2023-05-01T12:45:00
745,-1.295123,36.863323,-1.219194,36.800353,2023-05-01T13:42:00,2023-05-01T14:07:00
746,-1.203873,36.876417,-1.215441,36.862573,2023-05-01T06:26:00,2023-05-01T06:49:00
747,-1.238742,36.864039,-1.341773,36.710921,2023-05-01T13:33:00,2023-05-01T13:43:00
748,-1.301691,36.866537,-1.343367,36.876371,2023-05-01T15:01:00,2023-05-01T15:26:00
749,-1.345055,36.744319,-1.34622,36.738177,2023-05-01T10:56:00,2023-05-01T11:13:00
750,-1.341619,36.76819,-1.2447,36.74689,2023-05-01T00:07:00,2023-05-01T00:16:00
751,-1.216103,36.812811,-1.304213,36.750204,2023-05-01T22:50:00,2023-05-01T23:14:00
752,-1.290673,36.768617,-1.275007,36.730646,2023-05-01T22:47:00,2023-05-01T23:05:00
753,-1.272934,36.784279,-1.308654,36.808951,2023-05-01T01:25:00,2023-05-01T01:34:00
754,-1.263663,36.726969,-1.270986,36.848734,2023-05-01T07:32:00,2023-05-01T07:54:00
755,-1.250291,36.858713,-1.271921,36.897352,2023-05-01T11:15:00,2023-05-01T11:35:00
756,-1.305505,36.740581,-1.323168,36.748565,2023-05-01T12:47:00,2023-05-01T12:56:00
757,-1.311438,36.733493,-1.304819,36.871365,2023-05-01T03:39:00,2023-05-01T03:49:00
758,-1.266224,36.721524,-1.340786,36.853411,2023-05-01T06:10:00,2023-05-01T06:37:00
759,-1.214052,36.855708,-1.328971,36.873003,2023-05-01T20:20:00,2023-05-01T20:32:00
760,-1.303656,36.719666,-1.310238,36.803904,2023-05-01T07:47:00,2023-05-01T08:17:00
761,-1.201538,36.758195,-1.30272,36.815811,2023-05-01T17:54:00,2023-05-01T18:19:00
762,-1.308208,36.835222,-1.262881,36.887731,2023-05-01T04:26:00,2023-05-01T04:52:00
763,-1.218766,36.73789,-1.227181,36.845437,2023-05-01T14:05:00,2023-05-01T14:31:00
764,-1.207323,36.850007,-1.218885,36.824615,2023-05-01T15:20:00,2023-05-01T15:46:00
765,-1.254984,36.810446,-1.267991,36.859681,2023-05-01T14:37:00,2023-05-01T14:53:00
766,-1.235736,36.86557,-1.265184,36.749414,2023-05-01T10:05:00,2023-05-01T10:11:00
767,-1.284426,36.885142,-1.323323,36.734129,2023-05-01T22:42:00,2023-05-01T22:49:00
768,-1.278222,36.850029,-1.335054,36.793448,2023-05-01T19:38:00,2023-05-01T20:01:00
769,-1.280643,36.812468,-1.330983,36.811137,2023-05-01T22:56:00,2023-05-01T23:06:00
770,-1.250575,36.704696,-1.274607,36.803802,2023-05-01T23:32:00,2023-05-01T23:45:00
771,-1.233214,36.741494,-1.275477,36.85725,2023-05-01T17:07:00,2023-05-01T17:18:00
772,-1.21952,36.756186,-1.264478,36.839431,2023-05-01T16:43:00,2023-05-01T16:59:00
773,-1.343667,36.883841,-1.262104,36.771933,2023-05-01T04:22:00,2023-05-01T04:45:00
774,-1.265421,36.835393,-1.326128,36.705157,2023-05-01T14:36:00,2023-05-01T15:00:00
775,-1.284476,36.867841,-1.264129,36.805309,2023-05-01T23:59:00,2023-05-02T00:29:00
776,-1.274926,36.890718,-1.228952,36.832355,2023-05-01T03:26:00,2023-05-01T03:47:00
777,-1.229845,36.805705,-1.241231,36.784131,2023-05-01T13:54:00,2023-05-01T14:04:00
778,-1.328555,36.880938,-1.297513,36.709134,2023-05-01T05:41:00,2023-05-01T05:53:00
779,-1.23223,36.820408,-1.200011,36.768284,2023-05-01T21:04:00,2023-05-01T21:31:00
780,-1.265795,36.814523,-1.244086,36.755663,2023-05-01T16:30:00,2023-05-01T16:43:00
781,-1.276106,36.785669,-1.200318,36.766166,2023-05-01T22:49:00,2023-05-01T23:08:00
782,-1.33133,36.861567,-1.335672,36.73695,2023-05-01T00:06:00,2023-05-01T00:28:00
783,-1.259165,36.800041,-1.313395,36.719358,2023-05-01T11:35:00,2023-05-01T11:54:00
784,-1.258544,36.770143,-1.266451,36.880591,2023-05-01T03:34:00,2023-05-01T03:54:00
785,-1.339994,36.886196,-1.255533,36.770179,2023-05-01T03:03:00,2023-05-01T03:26:00
786,-1.268225,36.770336,-1.214054,36.722906,2023-05-01T17:06:00,2023-05-01T17:14:00
787,-1.299868,36.844168,-1.313419,36.89041,2023-05-01T02:39:00,2023-05-01T02:45:00
788,-1.305797,36.767322,-1.206326,36.82951,2023-05-01T13:46:00,2023-05-01T13:58:00
789,-1.264696,36.844122,-1.262421,36.855103,2023-05-01T06:21:00,2023-05-01T06:33:00
790,-1.292851,36.848442,-1.211043,36.727666,2023-05-01T20:16:00,2023-05-01T20:33:00
791,-1.313428,36.820461,-1.250992,36.716537,2023-05-01T07:56:00,2023-05-01T08:02:00
792,-1.238647,36.842771,-1.307127,36.732917,2023-05-01T07:59:00,2023-05-01T08:08:00
793,-1.288405,36.713004,-1.324022,36.795799,2023-05-01T05:58:00,2023-05-01T06:19:00
794,-1.320207,36.728627,-1.2666,36.833808,2023-05-01T04:20:00,2023-05-01T04:45:00
795,-1.204236,36.765803,-1.34204,36.896841,2023-05-01T04:23:00,2023-05-01T04:43:00
796,-1.304377,36.896675,-1.250491,36.768745,2023-05-01T04:16:00,2023-05-01T04:23:00
797,-1.307045,36.801531,-1.309524,36.833864,2023-05-01T17:11:00,2023-05-01T17:41:00
798,-1.330501,36.830882,-1.332305,36.854962,2023-05-01T07:39:00,2023-05-01T07:55:00
799,-1.324154,36.725567,-1.249011,36.797594,2023-05-01T15:39:00,2023-05-01T15:48:00
800,-1.26972,36.877923,-1.225985,36.890303,2023-05-01T19:46:00,2023-05-01T20:04:00
801,-1.25846,36.872701,-1.321188,36.74489,2023-05-01T06:51:00,2023-05-01T06:56:00
802,-1.212395,36.76538,-1.220067,36.859996,2023-05-01T01:54:00,2023-05-01T02:17:00
803,-1.223892,36.853724,-1.265625,36.791372,2023-05-01T21:41:00,2023-05-01T22:10:00
804,-1.259518,36.771526,-1.220664,36.830485,2023-05-01T23:42:00,2023-05-01T23:53:00
805,-1.274072,36.78102,-1.227974,36.737198,2023-05-01T06:20:00,2023-05-01T06:39:00
806,-1.234625,36.709736,-1.225811,36.809472,2023-05-01T16:10:00,2023-05-01T16:34:00
807,-1.27373,36.802892,-1.204952,36.824924,2023-05-01T20:59:00,2023-05-01T21:08:00
808,-1.310961,36.860387,-1.291642,36.831388,2023-05-01T00:02:00,2023-05-01T00:19:00
809,-1.257719,36.826826,-1.227524,36.859027,2023-05-01T20:57:00,2023-05-01T21:05:00
810,-1.239474,36.800421,-1.255773,36.832843,2023-05-01T08:33:00,2023-05-01T08:55:00
811,-1.269414,36.878503,-1.283415,36.892992,2023-05-01T00:39:00,2023-05-01T00:57:00
812,-1.273555,36.767461,-1.261377,36.898271,2023-05-01T20:03:00,2023-05-01T20:24:00
813,-1.332397,36.873945,-1.314157,36.86119,2023-05-01T11:47:00,2023-05-01T12:00:00
814,-1.326565,36.855128,-1.21705,36.865329,2023-05-01T10:38:00,2023-05-01T10:55:00
815,-1.244339,36.759433,-1.33673,36.780068,2023-05-01T11:46:00,2023-05-01T12:08:00
816,-1.235206,36.81916,-1.232477,36.766777,2023-05-01T15:11:00,2023-05-01T15:25:00
817,-1.31657,36.737655,-1.349761,36.763182,2023-05-01T12:16:00,2023-05-01T12:43:00
818,-1.321968,36.830092,-1.213738,36.8894,2023-05-01T10:08:00,2023-05-01T10:15:00
819,-1.316906,36.737745,-1.243627,36.759606,2023-05-01T11:07:00,2023-05-01T11:24:00
820,-1.207776,36.874394,-1.315419,36.861008,2023-05-01T04:38:00,2023-05-01T05:05:00
821,-1.23567,36.899129,-1.308145,36.885871,2023-05-01T22:54:00,2023-05-01T23:23:00
822,-1.238226,36.805491,-1.2172,36.704882,2023-05-01T20:00:00,2023-05-01T20:23:00
823,-1.279015,36.840254,-1.200528,36.834683,2023-05-01T03:53:00,2023-05-01T04:11:00
824,-1.335239,36.843468,-1.22055,36.724816,2023-05-01T11:57:00,2023-05-01T12:19:00
825,-1.253849,36.804175,-1.337346,36.845347,2023-05-01T23:58:00,2023-05-02T00:13:00
826,-1.242967,36.740215,-1.20656,36.719617,2023-05-01T01:44:00,2023-05-01T02:04:00
827,-1.282836,36.770173,-1.319456,36.898602,2023-05-01T11:55:00,2023-05-01T12:07:00
828,-1.269262,36.785508,-1.209619,36.85653,2023-05-01T16:46:00,2023-05-01T17:01:00
829,-1.339056,36.752656,-1.294726,36.896293,2023-05-01T10:33:00,2023-05-01T10:55:00
830,-1.217139,36.859756,-1.226086,36.873798,2023-05-01T01:53:00,2023-05-01T02:23:00
831,-1.303144,36.731609,-1.275728,36.77869,2023-05-01T11:40:00,2023-05-01T11:56:00
832,-1.31709,36.72239,-1.201166,36.780948,2023-05-01T08:53:00,2023-05-01T09:15:00
833,-1.228355,36.726009,-1.248578,36.704313,2023-05-01T20:14:00,2023-05-01T20:39:00
834,-1.287148,36.837728,-1.220845,36.793442,2023-05-01T16:21:00,2023-05-01T16:31:00
835,-1.221878,36.898528,-1.203815,36.733191,2023-05-01T18:10:00,2023-05-01T18:20:00
836,-1.339888,36.729709,-1.21503,36.786213,2023-05-01T09:58:00,2023-05-01T10:10:00
837,-1.308773,36.72413,-1.309231,36.838632,2023-05-01T11:23:00,2023-05-01T11:36:00
838,-1.323167,36.762239,-1.27851,36.773663,2023-05-01T05:12:00,2023-05-01T05:21:00
839,-1.301003,36.869741,-1.271222,36.71929,2023-05-01T01:31:00,2023-05-01T01:39:00
840,-1.258057,36.865673,-1.277092,36.87984,2023-05-01T01:54:00,2023-05-01T02:00:00
841,-1.240171,36.725162,-1.348667,36.746011,2023-05-01T01:54:00,2023-05-01T02:09:00
842,-1.221992,36.783619,-1.333416,36.85869,2023-05-01T06:41:00,2023-05-01T07:08:00
843,-1.343848,36.726506,-1.206178,36.708363,2023-05-01T06:15:00,2023-05-01T06:23:00
844,-1.333844,36.729017,-1.296178,36.8083,2023-05-01T07:23:00,2023-05-01T07:34:00
845,-1.335005,36.731208,-1.283435,36.790319,2023-05-01T00:55:00,2023-05-01T01:08:00
846,-1.218153,36.740401,-1.336492,36.719142,2023-05-01T00:16:00,2023-05-01T00:46:00
847,-1.274509,36.850352,-1.321542,36.795356,2023-05-01T02:11:00,2023-05-01T02:39:00
848,-1.2519,36.790773,-1.326024,36.776049,2023-05-01T20:13:00,2023-05-01T20:23:00
849,-1.310826,36.898978,-1.274959,36.749987,2023-05-01T21:05:00,2023-05-01T21:16:00
850,-1.285827,36.771009,-1.308196,36.88851,2023-05-01T02:39:00,2023-05-01T03:00:00
851,-1.296708,36.754266,-1.246867,36.758832,2023-05-01T11:44:00,2023-05-01T12:04:00
852,-1.260348,36.880025,-1.221343,36.887896,2023-05-01T06:01:00,2023-05-01T06:18:00
853,-1.308642,36.879135,-1.218912,36.772616,2023-05-01T00:50:00,2023-05-01T01:11:00
854,-1.218251,36.73353,-1.231072,36.809763,2023-05-01T16:18:00,2023-05-01T16:29:00
855,-1.276251,36.895201,-1.289711,36.886487,2023-05-01T07:11:00,2023-05-01T07:17:00
856,-1.23461,36.846677,-1.274713,36.870756,2023-05-01T18:21:00,2023-05-01T18:39:00
857,-1.231311,36.893207,-1.261931,36.704958,2023-05-01T14:45:00,2023-05-01T14:54:00
858,-1.260558,36.704646,-1.238581,36.869394,2023-05-01T10:17:00,2023-05-01T10:38:00
859,-1.266954,36.725164,-1.26445,36.702713,2023-05-01T23:00:00,2023-05-01T23:25:00
860,-1.33999,36.81063,-1.307763,36.722059,2023-05-01T09:26:00,2023-05-01T09:39:00
861,-1.339592,36.784815,-1.312032,36.850059,2023-05-01T04:56:00,2023-05-01T05:21:00
862,-1.281387,36.880675,-1.258189,36.852933,2023-05-01T02:45:00,2023-05-01T02:54:00
863,-1.343112,36.82645,-1.327199,36.719173,2023-05-01T07:41:00,2023-05-01T07:54:00
864,-1.287321,36.803579,-1.271082,36.796036,2023-05-01T08:58:00,2023-05-01T09:14:00
865,-1.207803,36.86365,-1.291368,36.860892,2023-05-01T13:41:00,2023-05-01T13:51:00
866,-1.252593,36.897115,-1.314118,36.847616,2023-05-01T13:33:00,2023-05-01T13:43:00
867,-1.237697,36.878631,-1.268998,36.809108,2023-05-01T00:12:00,2023-05-01T00:36:00
868,-1.297445,36.704598,-1.223701,36.895296,2023-05-01T17:29:00,2023-05-01T17:51:00
869,-1.230945,36.750516,-1.303865,36.736542,2023-05-01T16:16:00,2023-05-01T16:32:00
870,-1.33005,36.717119,-1.248056,36.868918,2023-05-01T01:18:00,2023-05-01T01:45:00
871,-1.275902,36.828441,-1.303597,36.759221,2023-05-01T13:44:00,2023-05-01T13:58:00
872,-1.298607,36.816753,-1.300903,36.773282,2023-05-01T04:11:00,2023-05-01T04:39:00
873,-1.233457,36.750814,-1.282387,36.712864,2023-05-01T01:28:00,2023-05-01T01:50:00
874,-1.278744,36.709334,-1.2021,36.815773,2023-05-01T21:41:00,2023-05-01T21:55:00
875,-1.23737,36.87288,-1.315954,36.762315,2023-05-01T05:47:00,2023-05-01T06:00:00
876,-1.298699,36.890221,-1.200117,36.799012,2023-05-01T01:43:00,2023-05-01T02:03:00
877,-1.324137,36.895091,-1.253956,36.831245,2023-05-01T18:20:00,2023-05-01T18:30:00
878,-1.291904,36.81932,-1.326239,36.788852,2023-05-01T11:53:00,2023-05-01T12:12:00
879,-1.268792,36.79975,-1.308908,36.755499,2023-05-01T10:34:00,2023-05-01T10:44:00
880,-1.287859,36.858147,-1.235242,36.702663,2023-05-01T09:01:00,2023-05-01T09:26:00
881,-1.225477,36.888626,-1.246591,36.731812,2023-05-01T04:09:00,2023-05-01T04:35:00
882,-1.272243,36.729988,-1.211608,36.866802,2023-05-01T22:25:00,2023-05-01T22:32:00
883,-1.200135,36.719112,-1.333735,36.882022,2023-05-01T04:48:00,2023-05-01T05:06:00
884,-1.238297,36.755453,-1.286343,36.861172,2023-05-01T19:05:00,2023-05-01T19:35:00
885,-1.256113,36.847493,-1.241778,36.72563,2023-05-01T09:00:00,2023-05-01T09:07:00
886,-1.290279,36.819536,-1.267233,36.735179,2023-05-01T13:13:00,2023-05-01T13:33:00
887,-1.257869,36.84875,-1.3007,36.801937,2023-05-01T01:56:00,2023-05-01T02:24:00
888,-1.32993,36.770751,-1.285241,36.734819,2023-05-01T13:42:00,2023-05-01T13:50:00
889,-1.265748,36.721031,-1.325906,36.808395,2023-05-01T00:37:00,2023-05-01T00:46:00
890,-1.220596,36.706909,-1.241093,36.764826,2023-05-01T08:30:00,2023-05-01T08:58:00
891,-1.218744,36.757819,-1.348071,36.750226,2023-05-01T03:29:00,2023-05-01T03:53:00
892,-1.332512,36.808308,-1.343991,36.779194,2023-05-01T16:26:00,2023-05-01T16:56:00
893,-1.245296,36.747276,-1.342692,36.753063,2023-05-01T08:28:00,2023-05-01T08:50:00
894,-1.289813,36.775207,-1.267114,36.808336,2023-05-01T16:39:00,2023-05-01T16:51:00
895,-1.284449,36.777766,-1.213622,36.762836,2023-05-01T19:59:00,2023-05-01T20:21:00
896,-1.31777,36.878742,-1.303347,36.896963,2023-05-01T03:09:00,2023-05-01T03:16:00
897,-1.216414,36.848727,-1.278462,36.861693,2023-05-01T23:48:00,2023-05-01T23:57:00
898,-1.28848,36.808578,-1.318968,36.790905,2023-05-01T22:47:00,2023-05-01T23:11:00
899,-1.349173,36.880304,-1.214037,36.719715,2023-05-01T00:57:00,2023-05-01T01:18:00
900,-1.305435,36.827204,-1.296892,36.700247,2023-05-01T13:37:00,2023-05-01T13:54:00
901,-1.241492,36.719007,-1.318515,36.872306,2023-05-01T16:24:00,2023-05-01T16:38:00
902,-1.261249,36.848158,-1.224295,36.717107,2023-05-01T09:16:00,2023-05-01T09:33:00
903,-1.231537,36.896092,-1.230196,36.848801,2023-05-01T04:23:00,2023-05-01T04:53:00
904,-1.24045,36.82643,-1.234505,36.710782,2023-05-01T15:53:00,2023-05-01T16:14:00
905,-1.201654,36.832856,-1.216989,36.84862,2023-05-01T13:49:00,2023-05-01T14:13:00
906,-1.310638,36.800061,-1.244584,36.717341,2023-05-01T18:02:00,2023-05-01T18:14:00
907,-1.236386,36.727672,-1.20895,36.767476,2023-05-01T05:59:00,2023-05-01T06:10:00
908,-1.348393,36.710453,-1.244028,36.764655,2023-05-01T13:30:00,2023-05-01T13:39:00
909,-1.294473,36.829092,-1.304745,36.875963,2023-05-01T09:04:00,2023-05-01T09:25:00
910,-1.260193,36.884504,-1.308507,36.710711,2023-05-01T14:08:00,2023-05-01T14:24:00
911,-1.235516,36.762219,-1.218802,36.754961,2023-05-01T13:06:00,2023-05-01T13:15:00
912,-1.230018,36.775946,-1.234997,36.872512,2023-05-01T20:27:00,2023-05-01T20:37:00
913,-1.245568,36.860437,-1.238083,36.891676,2023-05-01T03:07:00,2023-05-01T03:32:00
914,-1.31523,36.772766,-1.202952,36.774339,2023-05-01T23:30:00,2023-05-01T23:45:00
915,-1.200944,36.812024,-1.207711,36.877382,2023-05-01T09:53:00,2023-05-01T10:18:00
916,-1.226178,36.785244,-1.288328,36.700772,2023-05-01T09:16:00,2023-05-01T09:33:00
917,-1.305406,36.770686,-1.274921,36.843598,2023-05-01T02:40:00,2023-05-01T02:55:00
918,-1.270079,36.78081,-1.229217,36.834061,2023-05-01T05:02:00,2023-05-01T05:13:00
919,-1.214634,36.846165,-1.294789,36.718701,2023-05-01T21:45:00,2023-05-01T22:08:00
920,-1.321104,36.805615,-1.34427,36.828781,2023-05-01T09:57:00,2023-05-01T10:15:00
921,-1.281959,36.763012,-1.246136,36.818591,2023-05-01T13:31:00,2023-05-01T13:53:00
922,-1.340808,36.767441,-1.205563,36.829497,2023-05-01T12:50:00,2023-05-01T13:04:00
923,-1.309195,36.777474,-1.255522,36.73345,2023-05-01T07:32:00,2023-05-01T07:42:00
924,-1.226948,36.800742,-1.343002,36.884944,2023-05-01T06:49:00,2023-05-01T07:11:00
925,-1.300457,36.82336,-1.201279,36.701677,2023-05-01T08:55:00,2023-05-01T09:04:00
926,-1.324083,36.802255,-1.217634,36.890222,2023-05-01T05:15:00,2023-05-01T05:41:00
927,-1.312416,36.800273,-1.277715,36.792649,2023-05-01T22:11:00,2023-05-01T22:24:00
928,-1.210177,36.870912,-1.262134,36.757263,2023-05-01T17:04:00,2023-05-01T17:32:00
929,-1.223217,36.771266,-1.299966,36.822426,2023-05-01T15:03:00,2023-05-01T15:08:00
930,-1.282087,36.838533,-1.315278,36.857738,2023-05-01T03:30:00,2023-05-01T03:58:00
931,-1.245485,36.816991,-1.330026,36.821392,2023-05-01T02:20:00,2023-05-01T02:45:00
932,-1.297749,36.76957,-1.325329,36.840696,2023-05-01T06:38:00,2023-05-01T07:08:00
933,-1.314146,36.750087,-1.297949,36.899315,2023-05-01T08:09:00,2023-05-01T08:28:00
934,-1.274192,36.749768,-1.348588,36.804575,2023-05-01T08:00:00,2023-05-01T08:08:00
935,-1.209149,36.73182,-1.2857,36.755792,2023-05-01T18:38:00,2023-05-01T19:02:00
936,-1.272451,36.806649,-1.34201,36.761949,2023-05-01T06:03:00,2023-05-01T06:19:00
937,-1.290056,36.739169,-1.267541,36.825274,2023-05-01T05:38:00,2023-05-01T05:48:00
938,-1.338614,36.729379,-1.21304,36.760054,2023-05-01T04:33:00,2023-05-01T04:45:00
939,-1.225444,36.80041,-1.291903,36.83386,2023-05-01T05:55:00,2023-05-01T06:14:00
940,-1.298398,36.878904,-1.220118,36.794605,2023-05-01T19:05:00,2023-05-01T19:23:00
941,-1.343085,36.850577,-1.253724,36.829863,2023-05-01T16:41:00,2023-05-01T17:04:00
942,-1.273734,36.746075,-1.278254,36.84758,2023-05-01T17:06:00,2023-05-01T17:15:00
943,-1.204434,36.756412,-1.269093,36.703061,2023-05-01T10:23:00,2023-05-01T10:42:00
944,-1.277272,36.856975,-1.313129,36.825798,2023-05-01T18:08:00,2023-05-01T18:22:00
945,-1.327973,36.808516,-1.264328,36.73943,2023-05-01T09:17:00,2023-05-01T09:41:00
946,-1.325801,36.897357,-1.276191,36.865278,2023-05-01T02:44:00,2023-05-01T02:57:00
947,-1.334842,36.829476,-1.260124,36.834708,2023-05-01T02:46:00,2023-05-01T03:11:00
948,-1.337654,36.885415,-1.309653,36.778776,2023-05-01T23:59:00,2023-05-02T00:22:00
949,-1.283402,36.87746,-1.30129,36.817323,2023-05-01T01:57:00,2023-05-01T02:18:00
950,-1.323041,36.813637,-1.303936,36.89734,2023-05-01T02:05:00,2023-05-01T02:17:00
951,-1.26158,36.886436,-1.315835,36.712508,2023-05-01T19:55:00,2023-05-01T20:13:00
952,-1.221862,36.76445,-1.200267,36.813658,2023-05-01T14:19:00,2023-05-01T14:49:00
953,-1.340222,36.748966,-1.243113,36.773075,2023-05-01T21:18:00,2023-05-01T21:36:00
954,-1.216963,36.853914,-1.297075,36.845997,2023-05-01T14:07:00,2023-05-01T14:13:00
955,-1.272669,36.797858,-1.248343,36.739884,2023-05-01T09:33:00,2023-05-01T09:38:00
956,-1.297728,36.79671,-1.33438,36.776521,2023-05-01T07:36:00,2023-05-01T07:54:00
957,-1.216113,36.766576,-1.296433,36.726642,2023-05-01T21:41:00,2023-05-01T21:54:00
958,-1.201266,36.832865,-1.293194,36.805252,2023-05-01T05:23:00,2023-05-01T05:49:00
959,-1.278838,36.74211,-1.248216,36.788741,2023-05-01T22:01:00,2023-05-01T22:08:00
960,-1.341504,36.794043,-1.242289,36.782873,2023-05-01T17:23:00,2023-05-01T17:30:00
961,-1.334572,36.804867,-1.261361,36.798704,2023-05-01T11:28:00,2023-05-01T11:56:00
962,-1.24701,36.855402,-1.243455,36.877125,2023-05-01T13:53:00,2023-05-01T14:18:00
963,-1.298361,36.830349,-1.219697,36.771979,2023-05-01T16:02:00,2023-05-01T16:20:00
964,-1.326466,36.846427,-1.276084,36.762542,2023-05-01T09:24:00,2023-05-01T09:30:00
965,-1.259118,36.874695,-1.276264,36.768061,2023-05-01T12:15:00,2023-05-01T12:37:00
966,-1.273596,36.867094,-1.26568,36.814658,2023-05-01T22:21:00,2023-05-01T22:47:00
967,-1.329927,36.737161,-1.291879,36.725815,2023-05-01T06:39:00,2023-05-01T07:01:00
968,-1.32935,36.727562,-1.34822,36.825103,2023-05-01T06:40:00,2023-05-01T07:05:00
969,-1.335279,36.739728,-1.240848,36.838758,2023-05-01T19:31:00,2023-05-01T19:52:00
970,-1.25454,36.717835,-1.244741,36.882393,2023-05-01T12:23:00,2023-05-01T12:34:00
971,-1.213273,36.821926,-1.282699,36.812071,2023-05-01T05:29:00,2023-05-01T05:51:00
972,-1.220687,36.757793,-1.251326,36.867533,2023-05-01T06:20:00,2023-05-01T06:45:00
973,-1.314097,36.877873,-1.283809,36.738876,2023-05-01T21:52:00,2023-05-01T22:22:00
974,-1.316415,36.818144,-1.252352,36.811079,2023-05-01T12:08:00,2023-05-01T12:35:00
975,-1.263409,36.781695,-1.344124,36.797059,2023-05-01T04:17:00,2023-05-01T04:25:00
976,-1.216303,36.70091,-1.301792,36.861274,2023-05-01T01:54:00,2023-05-01T02:17:00
977,-1.279704,36.804947,-1.315602,36.866007,2023-05-01T11:29:00,2023-05-01T11:49:00
978,-1.202803,36.751126,-1.208672,36.732541,2023-05-01T19:58:00,2023-05-01T20:13:00
979,-1.279252,36.707423,-1.346047,36.823413,2023-05-01T18:58:00,2023-05-01T19:03:00
980,-1.216749,36.837766,-1.312598,36.841802,2023-05-01T23:53:00,2023-05-02T00:05:00
981,-1.263155,36.723454,-1.255514,36.805676,2023-05-01T22:04:00,2023-05-01T22:09:00
982,-1.21844,36.794259,-1.319074,36.776553,2023-05-01T20:38:00,2023-05-01T21:04:00
983,-1.212559,36.851445,-1.250492,36.734468,2023-05-01T18:03:00,2023-05-01T18:12:00
984,-1.224318,36.767697,-1.282604,36.754166,2023-05-01T00:37:00,2023-05-01T01:01:00
985,-1.349431,36.861128,-1.214161,36.741475,2023-05-01T08:10:00,2023-05-01T08:20:00
986,-1.29414,36.82943,-1.229054,36.859084,2023-05-01T02:10:00,2023-05-01T02:34:00
987,-1.237368,36.728889,-1.2076,36.839813,2023-05-01T03:15:00,2023-05-01T03:38:00
988,-1.206846,36.814071,-1.299522,36.740749,2023-05-01T19:42:00,2023-05-01T20:08:00
989,-1.235382,36.758359,-1.299209,36.852946,2023-05-01T11:19:00,2023-05-01T11:49:00
990,-1.219033,36.743975,-1.329072,36.756315,2023-05-01T11:55:00,2023-05-01T12:09:00
991,-1.275534,36.716917,-1.309853,36.842433,2023-05-01T06:22:00,2023-05-01T06:28:00
992,-1.279934,36.844401,-1.349869,36.709954,2023-05-01T19:37:00,2023-05-01T19:48:00
993,-1.277991,36.79642,-1.221496,36.827363,2023-05-01T09:32:00,2023-05-01T09:58:00
994,-1.230602,36.715186,-1.342313,36.723582,2023-05-01T04:46:00,2023-05-01T05:05:00
995,-1.250203,36.753931,-1.305647,36.808684,2023-05-01T05:42:00,2023-05-01T05:55:00
996,-1.296233,36.750131,-1.263269,36.846384,2023-05-01T22:25:00,2023-05-01T22:37:00
997,-1.272777,36.822442,-1.246187,36.837556,2023-05-01T06:48:00,2023-05-01T06:58:00
998,-1.282386,36.843228,-1.331248,36.792126,2023-05-01T14:18:00,2023-05-01T14:43:00
999,-1.270654,36.83225,-1.317075,36.807648,2023-05-01T22:58:00,2023-05-01T23:27:00
